1,1,1,1,1,1,1,1,1,1,1,1,1,1,1,1,1,1,1,1,1,1,1,1,1,1,1,1,1,1,1,1,1,1,1,1,1,2,2,2,2,2,2,2,2,2,2,2,2,2,2,2,2,2,2,2,2,2,2,2,2,2,2,2,2,2,2,2,2,2,3,3,3,3,3,3,3,3,3,3,3,3,3,3,3,3,3,3,3,3,3,3,3,3,3,3,3,3,3,3,3,3,3,3,3,3
NH,NH,NH,NH,NH,NH,NH,NH,NH,NH,NH,NH,NH,NH,NH,NH,NH,NH,NH,NH,NH,NH,NH,NH,NH,NH,NH,NH,NH,NH,NH,NH,NH,NH,NH,NH,NH,NH,NH,NH,NH,NH,NH,NH,NH,NH,NH,NH,NH,NH,NH,NH,NH,NH,NH,NH,NH,NH,NH,NH,NH,NH,NH,NH,NH,NH,NH,NH,NH,NH,NH,NH,NH,NH,NH,NH,NH,NH,NH,NH,NH,NH,NH,NH,NH,NH,NH,NH,NH,NH,NH,NH,NH,NH,NH,NH,NH,NH,NH,NH,NH,NH,NH,NH,NH,NH
Left,Left,Left,Left,Left,Left,Left,Left,Left,Left,Left,Left,Left,Left,Left,Left,Left,Left,Left,Right,Right,Right,Right,Right,Right,Right,Right,Right,Right,Right,Right,Right,Right,Right,Right,Right,Right,Left,Left,Left,Left,Left,Left,Left,Left,Left,Left,Left,Left,Left,Left,Left,Left,Left,Left,Right,Right,Right,Right,Right,Right,Right,Right,Right,Right,Right,Right,Right,Right,Right,Left,Left,Left,Left,Left,Left,Left,Left,Left,Left,Left,Left,Left,Left,Left,Left,Left,Left,Right,Right,Right,Right,Right,Right,Right,Right,Right,Right,Right,Right,Right,Right,Right,Right,Right,Right
29,30,32,33,33,34,35,36,37,37,38,39,40,41,42,43,44,45,48,29,30,32,33,34,34,35,37,37,39,39,40,42,43,45,45,46,48,28,29,31,32,33,33,35,36,37,40,42,42,43,43,44,45,46,47,28,29,30,31,32,34,35,36,37,40,41,43,45,45,46,28,31,32,34,35,36,37,38,40,42,44,44,45,46,46,47,47,48,28,31,32,34,36,36,37,39,39,40,41,44,43,45,45,47,48,48
0,0,0,0,0,0,0,0,0,0,0,0,0,0,0,0,0,0,0,0,0,0,0,0,0,0,0,0,0,0,0,0,0,0,0,0,0,0,0,0,0,0,0,0,0,0,0,0,0,0,0,0,0,0,0,0,0,0,0,0,0,0,0,0,0,0,0,0,0,0,0,0,0,0,0,0,0,0,0,0,0,0,0,0,0,0,0,0,0,0,0,0,0,0,0,0,0,0,0,0,0,0,0,0,0,0
0,0,0,0,0,0,0,0,5,0,0,0,0,0,0,0,0,0,0,0,0,0,1,0,0,0,0,0,0,0,0,0,0,0,9,0,0,0,0,0,0,0,0,0,0,0,0,0,0,0,0,0,0,0,0,0,26,0,0,0,0,0,0,0,0,0,0,0,0,0,0,0,0,0,0,0,0,0,0,0,0,0,0,0,0,0,0,0,0,0,0,0,0,0,0,0,0,0,0,0,0,0,0,0,0,0
2,0,9,1,0,0,0,0,40,0,433,128,2,0,0,0,11,0,4,5,958,28,54,118,0,2,0,0,85,4,0,21,0,63,778,0,0,14,0,0,0,1,0,0,0,0,0,0,0,10,0,0,33,329,0,8,340,0,0,0,0,0,0,0,0,0,0,0,0,18,0,0,0,0,0,0,0,0,0,0,0,0,0,0,0,0,0,0,0,0,0,0,0,0,0,0,0,0,0,0,0,0,0,0,0,0
168,25,132,255,41,16,0,1,116,0,779,1382,1270,73,17,67,194,45,34,77,4358,276,391,946,129,129,144,2,601,76,0,187,86,1065,1823,5,8,103,1,0,0,25,0,0,43,3,0,0,0,218,0,1,168,328,0,235,310,0,0,0,0,209,60,0,2,14,0,0,2,208,0,0,0,0,0,0,0,0,0,0,32,0,6,124,0,0,0,0,0,0,0,0,0,0,0,0,0,0,0,0,0,30,0,41,0,0
222,83,373,727,404,275,14,26,289,0,1363,1616,2173,254,107,626,275,194,112,94,2355,511,1383,1112,362,518,281,52,442,413,66,417,189,1183,1732,81,24,131,11,0,0,99,2,0,221,17,0,0,2,311,0,156,127,455,4,178,306,3,0,0,0,376,91,0,62,84,0,8,114,305,2,0,0,0,0,0,0,28,0,0,95,0,13,575,0,0,1,0,0,0,0,4,0,0,0,0,0,0,1,1,0,78,0,129,0,0
138,63,595,1012,540,755,96,86,417,6,1484,1647,1853,306,336,828,390,258,160,94,1496,739,1177,1108,402,542,365,172,478,387,184,794,290,952,1843,195,13,126,21,0,0,230,73,0,270,50,0,0,92,388,26,335,105,685,119,177,354,12,0,73,0,664,139,0,422,335,0,30,448,353,6,0,0,0,0,0,0,33,10,0,58,0,31,569,0,0,12,0,0,0,2,28,0,10,1,0,1,2,22,24,0,72,0,124,0,6
142,93,749,1164,636,1054,190,136,638,43,1747,1812,1821,398,466,967,627,379,139,106,1194,941,1132,1193,551,519,678,252,619,561,273,1000,427,894,2227,279,39,98,61,6,0,443,163,8,353,93,0,1,138,495,60,697,102,772,269,244,396,104,0,150,0,1281,103,18,968,762,36,135,580,462,14,8,12,9,0,0,3,34,43,0,62,0,58,628,0,0,11,0,0,0,8,22,0,19,4,0,19,7,45,38,1,53,0,89,1,31
169,147,847,1312,697,1077,312,133,794,163,1848,1877,1671,461,512,1372,829,481,129,117,1077,1094,1132,1423,675,613,1088,314,692,643,330,1009,587,1046,2362,382,57,125,131,12,2,545,269,113,337,143,14,37,179,645,180,914,101,916,658,376,526,152,9,283,0,1823,214,109,1497,1027,148,166,608,499,20,24,44,24,0,10,6,30,61,0,148,0,60,630,0,8,16,0,0,0,9,24,0,24,29,0,41,13,45,58,6,61,0,97,5,42
183,160,920,1222,704,1068,300,149,852,430,1717,1700,1581,464,560,1692,913,565,124,172,1038,1099,1082,1525,809,779,1252,425,851,754,423,998,651,1156,2555,446,96,159,173,18,20,656,347,216,367,172,88,76,285,849,266,1122,141,1168,1310,556,792,162,65,604,0,2258,1307,136,1737,1177,279,294,797,569,24,49,84,61,1,15,12,52,66,0,144,0,78,667,2,10,34,0,0,0,9,38,6,26,66,0,47,18,58,86,7,55,0,101,20,56
174,192,910,1196,681,903,278,156,893,535,1637,1460,1546,454,600,1918,995,668,134,199,1005,1148,1030,1566,952,991,1391,537,897,757,474,1027,718,1126,2936,560,85,300,316,31,24,850,286,330,355,269,181,99,328,1102,435,1299,241,1226,1612,718,7691,210,107,2952,0,2136,11861,196,1739,1224,363,412,964,687,41,90,108,73,5,19,13,75,85,0,121,8,125,679,5,11,42,5,8,0,6,60,52,30,120,0,114,19,98,109,22,101,1,136,49,58
209,242,882,1176,663,896,259,172,986,536,1690,1322,1407,466,627,2004,996,767,114,226,988,1114,1219,1652,976,1155,1419,618,823,816,601,1015,765,1179,3249,737,101,385,435,55,43,814,282,323,469,389,297,218,402,1124,709,1325,674,1173,2103,2693,20171,919,177,14755,0,1782,24016,319,1767,1407,464,420,1143,768,28,102,108,90,17,38,17,126,92,1,123,32,133,694,39,17,66,4,20,0,22,87,91,37,153,0,374,22,174,124,46,103,11,182,146,69
227,255,886,1147,642,1016,233,190,886,530,1723,1346,1271,495,580,1962,1009,861,122,238,919,1074,1165,1794,1080,1336,1462,749,811,945,572,998,886,1262,3660,914,107,669,1374,92,108,1416,251,517,1675,620,364,299,460,1109,846,1397,1003,1279,1896,11732,14850,10276,230,22230,0,1626,32511,761,1724,1587,658,444,1316,810,39,102,133,88,20,51,19,170,146,15,134,44,800,733,156,15,69,26,33,0,27,100,89,35,234,0,512,26,316,139,63,117,12,226,204,85
291,271,811,1096,642,949,271,220,796,582,1774,1115,1213,548,588,1872,990,917,126,255,871,1109,1160,1896,1082,1430,1495,929,747,1046,646,988,945,1349,4440,1116,124,3765,8162,187,292,4538,241,783,11992,1094,610,482,574,1132,1086,1503,1226,3822,4290,22930,12508,20017,461,14240,0,3391,29465,3699,3390,4702,944,601,2158,868,43,145,154,94,35,72,25,216,156,16,131,52,6065,809,239,24,93,39,61,1,57,128,97,54,261,0,370,24,439,136,73,115,22,243,263,95
344,325,787,1085,641,718,273,250,921,597,1817,1077,1178,649,583,1735,1047,971,118,260,888,1066,1122,2006,1220,1552,1411,1155,726,1058,627,1074,973,1377,4874,1278,104,14562,14847,207,3673,14465,258,1592,28505,1641,736,536,668,1218,2660,1473,2220,18782,14120,17665,15252,13482,5001,10391,48,7322,17981,21356,13770,19745,5361,2970,6090,1335,41,176,203,102,50,84,28,209,186,20,184,55,8295,814,428,37,156,55,88,4,72,153,114,74,310,7,396,37,416,191,94,200,23,286,304,226
433,299,781,1071,646,663,303,272,1105,707,1679,1135,1137,688,613,1668,1023,946,124,285,836,1180,1073,2071,1185,1534,1347,1398,725,1046,671,2887,1127,1383,5814,1408,113,13486,12525,304,18732,17077,246,2107,20353,2173,859,677,732,1991,14396,1585,13031,29090,17430,19612,21773,11173,12272,13323,4343,15551,18484,30616,24400,34827,21013,11286,17130,5690,54,218,201,103,64,117,32,263,255,22,237,74,14417,805,750,73,171,78,87,12,73,169,121,146,324,38,396,52,496,161,124,347,54,338,393,1817
485,301,719,1012,613,536,309,320,920,788,1703,1083,1116,1488,845,1607,1032,958,124,302,765,1126,1186,2117,1217,1679,1356,1429,768,1063,652,10181,1619,1503,8497,1339,121,8823,9958,2039,24073,10455,313,3488,15869,3316,4187,945,1071,10425,21871,3523,21943,25287,18605,19205,24042,11380,16158,24646,27512,22005,24387,19360,26771,23617,34559,18522,18202,17352,90,211,221,157,98,159,38,256,367,23,263,91,23573,859,3648,93,177,198,147,22,81,198,137,170,335,91,456,80,569,198,206,522,65,368,417,4791
490,331,731,972,622,511,333,358,1048,824,1983,2307,1092,8703,4026,1437,945,1034,115,414,755,1197,1740,2914,1309,1954,1527,1436,2905,1855,684,15870,2016,1581,14450,1322,116,5846,11055,11717,13275,10272,1063,14673,15524,14604,15107,4408,9551,19273,21480,13284,19006,20277,21027,20172,14828,15769,15578,28616,21837,15776,27865,15225,17875,14410,27041,17735,16097,21466,140,200,257,210,117,230,48,529,1337,26,290,96,19611,884,7722,112,300,1295,173,29,85,221,158,195,367,122,518,767,580,217,251,1677,91,814,612,4290
486,315,858,944,868,491,367,401,1948,789,2283,11674,1062,21495,20002,1675,956,1057,118,434,698,1251,2673,4819,1675,2272,2779,1686,12517,7395,696,18965,2039,1685,14540,1375,114,6867,14552,16880,8531,15439,4493,24387,17669,28444,21477,17075,22799,17832,20181,21237,17705,23345,24233,21114,10048,19922,9937,21603,10697,14319,28801,14608,13417,12474,18671,14316,15002,19455,169,232,259,220,120,292,94,2215,5058,45,293,154,13850,915,9577,134,1156,3800,195,34,105,269,200,228,430,603,673,6689,696,245,368,7751,130,3097,1303,3026
495,347,2907,967,2638,452,373,499,1837,846,5148,20415,1021,29159,29272,3977,947,952,121,507,608,1489,6764,6728,1753,2457,8942,1960,18533,15964,717,18359,3081,1610,12834,1358,114,13348,20949,12921,7862,22842,10090,17799,24129,23021,15367,14957,16596,16831,19727,21097,15821,28962,24848,16249,8401,19381,9382,16883,7392,13321,29595,16630,14068,11503,15097,11622,19585,15183,238,298,252,318,142,413,557,5553,11505,329,493,386,11087,950,11067,119,2663,4251,336,43,116,243,258,205,473,2859,981,16825,814,322,457,14592,152,4102,2281,2868
604,322,10485,968,8685,451,395,2929,19832,838,9470,17037,1132,16829,19006,8411,995,862,109,648,603,4382,11826,8539,1683,2576,20619,2404,17146,18197,804,15487,9188,1575,12562,1447,112,21886,18605,9289,13399,27476,12415,15328,29025,16666,11795,12719,12788,18473,22762,18693,20288,34348,22123,11861,7388,15660,13182,12677,6525,15563,24638,17190,14745,11521,17172,12123,26895,11366,248,395,299,354,151,760,3363,9189,13479,2680,1531,1911,11889,893,12150,201,4259,3490,497,175,112,267,294,232,559,9087,4000,14204,1244,382,957,13777,237,4461,3267,2826
2083,400,15174,927,13394,671,437,7709,13498,958,14735,12144,1385,9678,11243,12509,1982,889,133,763,625,8355,12746,9002,1708,3498,30814,4707,13065,18623,1942,11064,16078,2241,13496,1710,122,21632,15906,8280,21087,24268,10947,13261,31284,13567,10962,11118,12368,23149,31583,14092,26590,34846,20047,8820,6855,13042,17720,10716,8412,20491,17840,16572,16438,15396,22483,15101,30183,11065,322,1341,582,396,164,2765,5685,10486,11507,4653,4011,3248,13973,951,12399,1160,4731,2956,498,942,128,310,320,297,1191,20634,10068,11412,5802,652,3986,11273,285,5201,3402,2266
6241,963,12109,936,10534,2860,1749,12593,26364,2547,20003,9636,1976,7648,8330,14169,5685,1039,340,2831,1447,10215,11785,9500,1704,9668,19405,10494,8423,13859,5209,8339,16214,4601,13193,1790,396,15684,12921,7539,22599,18330,9413,11747,26117,12875,11324,9776,10960,24668,36976,13270,31178,31444,16479,7782,6307,9647,22064,8964,10794,20646,15577,21413,19648,23150,26536,20275,26639,11891,408,4403,629,463,190,9166,9611,9840,9554,5831,7072,4974,16536,1010,13917,2431,4805,2522,572,2414,152,410,318,587,3539,17940,15041,10182,12738,3050,8224,9764,364,5563,3933,2365
7854,4083,8855,1031,8226,11486,7677,12100,14683,10607,14926,7902,3638,6559,7102,14824,11865,2106,2309,8326,5015,8331,9699,10311,2254,20023,11066,15961,6676,9380,7012,8077,14021,5653,14237,2296,1589,11668,10051,6746,20243,13624,8395,13557,21773,15480,13253,9763,10550,28601,33060,13519,33680,25898,12979,7918,5952,7500,18186,8227,13148,21189,14036,28918,20368,30772,30050,26742,23772,15085,508,7581,1408,450,215,14314,12295,8825,7970,7180,7863,6682,21231,1515,16530,3581,5223,2655,696,5396,182,490,313,3353,7335,13920,15113,9837,16666,9409,9500,8909,1176,5851,3820,3212
7633,7612,7098,1047,6315,14940,12412,9448,6055,18110,10069,6494,7512,5907,6176,13417,16398,3437,5675,9079,8517,5289,10012,9404,5004,20343,8700,17361,6059,7153,11332,8899,10498,6626,14917,4575,4123,9749,8407,9903,16171,10577,7610,16797,17447,20490,16419,10556,14708,33322,27950,15970,35136,20801,11774,7983,6259,6197,13365,7646,17056,17766,12399,29988,18959,31186,29606,28935,20757,20350,1938,7354,3596,510,620,11965,11576,8951,8085,5598,7405,7084,26562,3430,18912,4643,5806,2905,846,8086,199,1407,366,7992,10430,11049,12132,9430,14459,14188,9543,9052,4839,5785,3580,5203
6030,7384,5917,1223,5214,9375,10455,7544,9280,17365,8597,5762,13378,5910,4853,12087,18470,4023,5242,6495,8215,4832,12578,8304,14290,14351,8231,13861,5519,6077,20066,8309,9603,6845,16918,9209,4850,8551,7148,20395,12875,8526,9108,20068,13244,24936,21794,13870,21770,32956,24154,22847,31428,18793,12022,7365,6184,5510,11575,7308,18582,14453,11869,22297,19604,30056,27912,27039,17304,26677,7016,6299,4730,1030,1225,9072,9245,8945,8256,5123,7357,8983,29915,5630,20018,5206,6032,3376,1644,7509,360,5904,731,11365,9480,9526,9875,10304,9617,12874,10451,10738,10021,5427,3861,7854
4858,5253,5118,2516,4123,6549,7845,5825,7422,12978,7414,5072,15147,5142,4414,10815,15191,3967,3702,5201,6148,5070,12516,8398,21612,12873,7687,9885,5454,5755,24980,7006,8573,8048,17291,12790,3421,8042,6693,24718,10878,7443,12250,20980,12265,25264,27342,18812,27795,29418,20338,31167,25409,17469,12034,6704,5968,5126,9005,7237,16293,11532,11713,15249,19404,24631,25797,24625,14788,31643,10291,5632,4258,3180,2955,8542,7551,8383,8002,4974,8104,9207,28293,6869,19895,5157,7367,4017,3006,5447,960,11579,2878,14027,11527,8009,8421,10664,7540,10079,10336,11507,11582,5443,4708,7953
3878,4254,4668,5718,3925,5538,6604,4813,3632,8973,6128,4843,11309,4260,4806,9424,11133,4360,2950,4369,4867,7159,11276,7526,17483,11487,8668,7949,5732,5318,17465,6135,6826,9767,15275,12319,2891,7924,6439,21984,9416,7179,17381,16015,11791,24208,27521,24276,28473,24636,18283,36542,17322,14917,11823,6105,5508,4942,7816,7059,12868,10283,11318,12704,18320,17529,23191,22062,13512,31207,9740,5214,5641,6601,6695,7836,6848,9095,8807,4712,7800,9551,24286,7480,19818,4723,10073,4913,5952,4343,2404,12089,6648,12629,12526,6617,8464,10000,7235,8807,10856,12564,10695,6234,6038,7651
3542,4030,4270,9589,3974,4864,5117,4131,3874,7837,5346,5062,8444,4002,6363,8432,8671,4174,2292,3674,4386,10329,10995,6496,10933,9566,9576,7031,5966,4995,10524,6506,6422,10382,12883,9787,2433,7162,6368,14434,8723,7095,17315,11143,12215,20861,22630,27574,24737,21069,16247,32818,12809,13323,11361,5553,5892,4780,6667,6752,10039,10301,11326,11294,15731,14414,20181,18763,12567,27302,6454,4455,6080,7396,10600,8018,6297,10719,9779,4547,6946,9983,20112,7991,19760,4540,12922,5474,9633,3919,4088,9261,9452,8603,10199,5544,7991,8846,6397,8141,12764,14071,8622,7309,5533,7103
3477,3567,3889,12085,4627,4551,4666,3999,4913,7860,5182,4899,7420,4131,7242,7200,6763,4031,2040,3785,4443,11262,9431,6599,8143,8019,9258,6549,6348,4520,8834,7450,5686,9959,11560,8034,1824,6398,6265,9998,7669,6885,15512,9298,12515,15700,16052,25351,20175,17632,14178,25963,11531,12651,10457,5464,5825,4383,5725,6243,7988,9523,11274,10296,13271,12597,18974,14942,11009,25820,4429,3843,6080,6727,8667,8954,5941,14368,10777,4828,6287,9289,16873,7544,18662,5255,14147,6220,8668,4602,7890,7370,13108,7326,8271,6277,8454,8819,6481,7611,14963,15149,7267,7889,5411,6485
3015,3540,3706,9771,5493,3950,4282,3751,5372,6571,5228,5196,5924,4359,6725,6291,5857,3806,1770,4317,5183,10641,8775,7410,7780,7236,8519,6608,6914,4473,7561,8179,4838,10047,10766,7336,1678,5840,5976,7799,7618,6481,12990,7956,12278,11265,12644,18138,15684,13443,12546,19503,11602,12654,10231,5367,6136,4086,5852,6388,7349,8895,10721,9812,11976,12373,16793,11989,9583,20725,3761,3888,6737,6817,6542,10226,6327,19235,11594,5260,5893,9025,13704,7065,16742,6249,14408,6927,6179,6506,10360,5681,15092,6361,7353,9157,9550,10183,6596,7260,14391,16228,6399,8311,5339,5380
2965,3587,4509,7200,5829,3587,3579,3460,4222,5680,5837,5796,5178,4589,6624,5615,5510,3798,1779,5755,6821,9505,8291,8825,7474,7267,10297,6287,7399,4386,6211,9794,4710,9400,9948,6186,1385,5235,6151,6964,7441,6696,10832,7116,12281,9799,10321,13824,12597,11671,10223,15481,11163,13183,10098,5741,6505,3947,5876,6466,7127,8226,10313,9901,11462,12011,13888,10705,9191,15772,3514,4537,6474,6569,6374,11480,6994,20630,13150,6411,6389,9763,11956,7387,15208,7579,14813,7044,6185,9341,9723,4871,11189,5575,6800,13406,11411,11013,6407,6715,13229,16431,6419,8118,4954,4757
3050,3671,5762,5960,6874,3225,3278,3471,5320,5334,8016,7051,5288,5300,6912,5469,4862,3931,2029,7219,8545,7393,7243,9823,7380,7038,11563,5744,8365,5069,5613,11882,5253,8497,9805,5752,1286,4993,6713,6155,7659,7562,8850,6943,12017,9417,9068,11091,10857,10771,9511,13173,11435,13376,10156,5538,6494,4231,5674,6382,6725,7053,10214,10164,11133,11795,12956,10126,8822,14033,3691,4918,5541,5727,5638,13105,8006,18750,13967,8128,7400,10896,11254,8291,14142,9036,15082,7068,7093,11333,7819,4909,8907,5296,6229,15731,13605,12394,6312,6575,12771,16183,6026,8744,4638,4849
2862,3283,7096,5658,7956,2984,3205,3998,6075,4831,9404,9096,5197,6615,8158,5303,4246,3731,2329,8524,9652,6578,6796,10047,7440,6531,12265,5961,9139,6207,5632,13323,6069,7640,10057,5476,1188,5216,7391,5761,7676,8002,7931,7028,11197,10004,8116,9939,10013,10864,9239,12410,11466,13583,10241,5317,6755,4763,5545,6558,6487,6705,9964,10597,10776,11485,12743,10001,8844,13455,3937,5209,4648,5960,5135,14818,8900,16864,15157,9817,9065,13278,10966,8766,12637,10396,14443,6304,8671,12463,5921,4513,7617,6074,6835,17160,16481,13765,7055,7130,13716,15178,5610,9702,4009,4533
2704,3348,8082,5088,8187,3252,3450,4868,5903,4388,9887,13038,4935,7865,9410,5469,4057,3411,2404,9220,10457,6385,6263,10206,7383,6197,12781,6846,10226,8007,5248,14036,6341,7420,9884,5121,1158,5870,8579,5411,7908,8273,6876,7145,10420,10152,7215,9665,9460,11235,9244,11751,11142,13435,10572,5108,6908,4892,5451,7058,6168,6303,10272,10615,9816,10923,12125,9997,9069,12598,5902,6770,4086,7146,4709,15831,9381,16121,15808,11591,9794,17211,10690,9645,12363,12090,13849,5438,9568,12373,5015,4143,6429,7636,8676,18268,16646,13643,8380,7441,15511,14070,4907,10370,3440,3988
2692,2902,8947,4996,9260,3847,4582,5380,4828,4266,10508,15669,4436,9611,10578,5671,3486,3433,2352,8673,10014,6325,5777,9494,7092,5754,11824,7477,13083,10867,4538,12802,6742,7249,9597,5168,1158,6413,9213,5302,8184,9098,6429,6776,10131,9957,6693,8796,9072,11007,9473,10842,10938,13094,10266,5667,7886,5002,5160,7461,5872,6283,10224,11699,9607,10345,12066,9586,9289,11935,9403,10614,3735,7803,4222,16403,9605,15485,15178,13761,11124,20942,10660,11131,10999,14686,12035,4642,11152,11882,4620,4178,5870,10458,10648,16878,15187,13121,9653,7395,15968,12918,5311,10563,3409,3452
2809,2494,10342,4540,9033,5376,6135,6124,4772,4325,11493,16874,4165,10814,11316,6777,3840,3395,2337,7490,8808,6076,5362,8004,6422,5141,10785,7536,15214,14183,4033,12094,7414,7079,8892,5359,1247,7009,9228,5081,8724,10035,7167,7109,10065,9707,6489,7889,8988,11062,10425,10623,11183,12810,9369,6220,8649,5637,5126,7720,5555,6095,10794,12045,9013,9853,11450,9481,9558,11485,12726,14257,3828,8243,3860,17151,9887,14058,14325,16257,13157,21437,10911,14362,10020,15183,10799,4470,12532,10817,3862,6129,5704,13416,12498,15242,14501,13194,10802,8498,15173,11699,7236,10428,3312,3194
3183,2187,10361,4451,9121,7569,7648,6405,7808,4286,12369,15919,4079,11584,11719,6972,4709,3823,2551,6591,7293,5910,4917,6962,5917,4799,9374,7984,15487,15588,4045,11168,9128,6726,8570,5458,1311,7648,8473,4812,9100,10691,7192,6901,9849,9418,6541,7517,9155,11476,10982,10296,11357,12492,8604,6155,9086,6276,5673,7959,5279,6133,11351,11725,8707,9398,11192,9450,9858,11476,14078,15716,4391,8883,3719,16497,10174,12753,12310,19828,14471,20172,11082,19004,10105,13723,10187,4022,12871,9944,3296,10096,7806,17065,13733,14361,12709,13128,12109,10127,14643,11040,9725,10454,3202,3031
4682,1941,8701,4343,8603,9552,8571,7164,6976,3651,12765,13817,3940,13083,11338,7525,5139,4923,3094,5629,6290,5884,4526,5731,4937,5017,8487,8679,14988,14460,3756,10289,11663,6784,8372,6208,1355,8219,8130,5206,9173,11037,6538,6171,9710,9473,6562,7436,8929,11758,12226,10426,11952,12552,7976,6037,8787,6555,6166,8520,5418,6618,11538,11235,8789,8903,11318,9286,10128,11264,13092,14219,6166,10048,3592,15879,11036,12352,11194,22097,15350,17489,10828,24604,10435,12384,9894,3428,10459,9182,3745,14462,10902,18788,13766,13270,11214,12588,14210,11722,13508,10267,11578,9865,3138,2939
6464,2171,7626,4076,7917,11249,8523,7440,8698,3484,12408,11308,4142,14218,10849,9185,5245,6908,3779,4967,5580,5892,4352,5519,4248,4681,7966,8189,13496,12598,3445,9600,14123,6777,8061,7678,1256,8226,7702,5871,9267,11257,5925,5947,9704,9028,6447,7704,8979,11635,13234,10048,12421,12426,7935,6362,8150,6890,6537,8726,5340,7071,11071,10859,8520,8508,11142,9697,10691,10983,10968,12148,8464,10740,4149,13736,13210,12486,10961,19115,16936,15697,10750,26113,10809,10168,9340,2953,9006,8108,5361,15975,12365,19007,14112,11316,10211,12352,14750,13867,12741,9523,12338,9481,2848,2932
7681,2156,5711,4027,7761,11508,8241,8284,9086,4006,11517,9601,4586,13160,10465,11170,6082,8665,4740,4809,4908,5683,4209,5051,3743,4283,7773,8240,11639,11071,3606,9195,16542,6871,8008,10042,1175,7866,7092,6421,9776,10596,5902,5557,9490,8707,6106,7405,8624,12466,13488,9946,12428,12241,7561,6818,7758,7158,6963,8805,5431,7103,10839,10416,8401,8531,11393,10224,10965,11673,8164,9083,11453,11326,5262,12542,15261,12269,10948,14397,18852,14146,10229,26360,10719,8312,8561,2861,8161,7875,8876,15567,14119,17251,15408,10271,9799,11354,14369,15850,13071,8954,12719,8899,2627,2930
7453,2607,4729,4357,6921,10166,7959,9979,9877,4756,10689,8762,5378,12119,10064,12627,7587,10176,5054,4528,4856,5108,4193,5030,3673,4091,7009,9362,9754,10038,3882,8928,18140,7270,8329,13940,1127,7890,6662,6636,9891,9915,6308,5448,9399,8987,5973,7005,7932,12982,14006,10398,12697,12103,7058,7282,7249,7226,7077,8665,5639,7454,11094,10035,9052,8211,11279,10464,11590,12179,5897,7445,13565,10746,7117,10830,16689,11983,10080,11971,18762,12956,10066,25926,10858,6808,8178,2740,6804,7298,11830,14908,15365,14731,14620,9891,9364,10428,13587,16353,12556,8482,15758,8121,2490,3053
6710,3399,4326,4781,6535,8729,7500,10670,8769,5831,10149,8230,6750,10809,9023,13255,7986,10514,5129,4386,4730,4806,4341,4984,3872,4032,6431,10580,8200,9441,4026,8313,17636,7840,8852,18949,1020,7763,6476,6722,9258,9571,7160,5923,9332,8546,6466,6877,7593,13585,13940,10822,12560,12126,6956,7041,6918,7574,7345,8874,5883,7570,10712,10151,9365,8512,10952,10802,11695,11904,4932,6288,11956,9161,9628,8515,16568,11391,9684,9711,16108,11978,10598,24525,11082,6367,7404,2895,6366,6617,11895,13172,16311,12072,13098,9258,8814,9243,13002,15919,10890,8702,19569,7696,2474,3109
5476,4151,4097,4590,6517,7640,7176,10400,8963,6513,9562,8348,8579,9196,8584,13628,8208,9811,5185,4309,4654,4588,4181,4822,4010,3962,6065,10071,7270,8563,4760,7654,15346,8687,8880,22070,1029,7348,6266,7115,8942,8897,7389,6971,8962,8919,6755,7212,7786,14432,14184,11603,12864,11728,6732,7127,6410,7888,7419,8684,6082,7852,10485,10092,9346,8807,11238,11541,11681,11861,4428,5960,10614,8624,11600,7516,15076,11096,9551,8588,13871,10576,10885,24326,11159,6227,6919,3022,5311,5679,11170,10367,16208,10253,12160,8356,8003,8673,11751,15237,9679,9308,19937,7417,2452,3215
5088,4790,4078,4528,6022,6729,7628,9848,14347,7374,8747,8185,9368,8125,8275,14570,9042,10327,4691,4203,4725,4092,4093,4557,3781,4024,5868,9027,7091,7534,6014,7102,11646,9941,9122,21040,1126,6971,6020,7231,8624,8463,7920,7819,8749,8895,6997,7707,8284,13927,14323,12219,13228,11340,6499,7199,6013,7563,7833,8590,6400,7979,9981,10155,9436,8766,11189,11303,11407,11272,3837,5421,9507,7835,13094,7030,12692,10759,8748,7505,11595,10219,10960,24823,11747,6014,6383,3242,4479,4830,10796,8163,15875,8658,11762,8202,7710,8534,9758,14854,9106,9513,18829,7369,2410,3330
4947,5274,4252,4948,6096,5884,7946,8480,9545,7957,8366,8037,10094,7017,8108,14216,10550,11158,4177,4022,4478,4001,4067,4288,3620,3998,5681,8479,6777,7169,7919,6458,9822,11271,9080,18268,1616,6634,5629,7793,7946,8300,8721,8667,9044,9112,7172,8247,8517,14084,14429,12846,12919,10770,6320,7337,5878,7444,8520,8652,6383,8381,9756,9900,9803,8888,11101,11332,11372,10986,3465,4929,9481,6834,14559,6550,10153,10962,8114,7247,9648,9124,10810,25818,12298,5612,6447,3442,4146,4116,11497,7157,16565,7905,11209,8118,7516,8310,8645,13381,8621,9642,18301,7369,2536,3427
4919,5353,4172,5397,6167,5146,7880,7109,9809,8944,7776,7656,10812,6834,7362,13621,11946,11095,3584,3652,4196,3882,4034,4193,3406,3829,5716,7499,6432,7032,10996,6238,8905,12252,8803,16075,2066,6083,5489,8549,7449,7995,9729,8987,9078,9162,7787,8613,8691,14480,14352,12890,12759,10611,5824,7281,5648,7455,8558,8524,6657,8370,9486,9259,9941,9337,11183,10989,11464,11168,3390,4655,9737,6451,15179,6419,9014,11047,7595,7101,8328,8528,10801,26813,12345,5382,6907,3460,3677,3518,12679,6742,15836,7297,9764,7589,6919,8346,8049,11380,8296,9806,17946,7598,2447,3401
4736,5599,4150,5556,6088,4958,7441,6031,8202,9361,7323,7568,11843,6371,6730,13025,11543,10651,3081,3590,3900,3835,3921,4269,3181,3572,5449,6959,6211,6834,11212,6204,8437,12283,8637,13371,2217,5680,5299,9026,7319,7760,10626,8745,9128,9234,8687,9054,9137,14116,14540,13419,12323,10158,5561,7139,5453,7741,9027,8273,7026,8599,9250,8730,9939,9217,11175,10906,11402,11407,3352,4580,8988,5669,15170,6754,8276,10714,7612,7356,7714,8289,10705,28010,12188,5097,7258,3646,3522,3486,11999,6345,13716,7094,8382,7000,7066,8335,7702,9300,7901,9458,16317,7812,2303,3363
4878,5953,4045,5416,5639,4785,7508,5687,7170,8786,6766,7204,13117,6231,6341,11738,10908,11164,2820,3602,3570,3865,3784,4287,3198,3249,5418,6542,6021,6677,11096,6080,8934,11760,8451,11234,2312,5377,5128,9111,7325,7118,11255,8824,9215,9367,9337,9620,9658,13644,14230,13573,11637,9834,5455,6818,5224,7854,8552,8230,7487,8580,9071,8510,9438,9185,11095,10081,10989,11499,3121,4390,7736,5178,13780,7152,7948,10046,7477,7562,7388,7710,10349,27220,11856,5069,7616,3598,3508,3602,10296,6060,12393,6603,7718,6972,7210,7908,6988,8644,7935,9556,14645,8268,2287,3298
4782,5676,3814,5263,4909,4742,7330,5308,8776,8571,6562,7192,12205,6265,6398,11257,10710,10734,3001,3489,3528,3891,3781,4196,3316,2995,5255,6092,5914,6491,11350,6412,8687,11104,8438,10146,2532,5194,4815,8970,7232,6798,11460,9055,9346,9599,9523,9852,9754,13708,14260,13737,11399,9481,5183,6790,5006,7744,8398,7987,7922,8440,8731,8658,9227,8689,10929,9993,10647,11124,3054,4203,6483,5030,12153,7499,7602,10268,7601,7752,6973,7818,10025,25986,11657,5169,8149,3787,3520,3835,8833,5649,12157,6845,7978,7263,7613,7228,6256,8599,8452,9502,13460,8617,2486,3376
4650,5562,3839,4927,4601,4304,7301,4923,7727,8721,6382,7181,10480,6484,6426,10972,10568,10038,2955,3099,3418,4013,3865,4075,3254,2888,5181,5949,5836,6158,10948,6447,8405,10335,8561,10038,3158,5002,4639,9021,6940,6409,11607,9161,9302,10011,10039,10223,9911,13688,13557,13785,11313,9513,4908,6653,4662,7276,8713,7480,8313,8311,8463,8544,8999,8558,10853,9771,10755,11025,2912,4174,5731,4665,11662,7429,7671,10027,7643,7549,6923,8131,9623,24691,11347,5132,8327,4011,3685,3988,7021,5338,11576,6569,8452,7441,8058,7017,5984,8967,8315,9862,12602,9028,2692,3149
4664,5186,4120,4814,4251,4063,6844,4941,7125,8950,6215,7239,8551,6626,6574,10703,10628,9256,2842,2784,3263,3844,3792,4071,3195,2777,5229,6117,5721,6121,10492,6226,8468,10020,8549,10272,3973,4822,4253,8597,6863,6111,11890,9373,8839,9649,10280,10494,9750,13565,13145,13588,10962,9084,4700,6404,4459,7128,8969,7235,8145,8303,8181,8422,8896,8431,10923,9358,10082,10593,2831,3945,5137,4539,10496,7504,7813,9969,7915,7440,6953,7993,9036,23263,11396,5322,8570,3907,3755,4220,5843,5320,10517,6651,8075,7800,8495,6900,5851,9283,7760,10027,11601,9950,2906,3231
4662,5010,4166,4961,4051,3980,6483,4818,6553,8748,6143,7265,7690,6650,6383,10182,10624,8445,2406,2784,3198,3931,4021,4113,3111,2705,5329,6460,5775,6307,9240,6532,9136,9336,8192,10702,4581,4517,4014,8386,6431,5842,12078,9144,8821,9698,10490,11073,9914,13485,12817,13559,10741,8730,4384,6145,4383,6917,9010,7049,8246,8360,8160,8278,8761,8487,11466,9077,9954,10434,2895,4008,4827,4588,9722,7742,7936,10116,8138,7319,7245,7954,8872,21961,11327,5537,8955,3918,3782,4560,5158,4938,10501,6166,7643,8021,8870,6940,5545,9069,7334,10655,11481,10485,3033,3140
4527,4637,4148,5204,4045,3879,5866,4835,6029,9188,6184,7320,7182,6728,6585,9771,10450,8056,2108,2847,3259,3981,3779,3992,3123,2754,5629,6950,5807,6307,8084,6843,9356,8472,8478,11042,4670,4475,3744,8462,6333,5331,12721,8688,8606,9224,10556,11360,9704,12880,12209,13288,10268,8236,4341,5897,4195,6541,8625,6728,8274,8298,8000,8257,8703,8633,11366,8947,9930,10406,3106,3989,4680,4626,9088,7949,8085,10079,8463,7174,7823,8233,8687,20280,11381,5474,9232,3670,4059,4832,4588,4631,11357,6197,7725,8562,9097,7044,5692,8613,7341,10539,11689,10898,3125,3120
4202,4536,4069,5048,3991,3842,5780,4573,6653,8992,6147,7311,6595,6982,6561,9736,10544,8043,2167,2751,3310,4074,3638,4068,3242,2787,5957,7381,6157,6483,7636,6891,9533,7988,8514,11101,4665,4385,3557,8437,6126,4943,12098,8355,8250,9176,10737,11646,9957,13032,12014,13238,9743,7917,4267,5724,4048,6509,8182,6740,8407,8342,7971,8069,8663,8234,11272,8886,9864,9963,3357,4231,4472,4440,8884,7910,8425,10591,8903,7423,8118,8835,8671,18628,10894,5710,9636,3758,4411,5200,4174,4366,12411,6240,7738,9078,9602,7312,5329,8267,7044,10529,12154,10946,3363,3190
4006,4342,4024,5054,3936,3836,5632,4365,6712,8269,6544,7670,6222,7402,6463,9873,10008,7556,2300,2537,3112,4220,3741,4154,3215,2782,6150,7674,6564,6495,7905,7219,10203,7824,8389,10967,4523,4190,3303,8327,6026,5030,11806,8223,7714,8824,10812,12164,9914,12754,11443,12747,9516,7967,3902,5736,4004,6210,8029,6488,8562,8296,7733,8153,8491,8263,11141,9006,9851,9635,3455,4474,4355,4332,9425,8167,8444,10416,8801,7384,8762,9671,8560,17183,10451,5808,9803,3762,4779,5196,3924,4417,13328,6246,7577,9572,10317,7255,5601,7996,6998,10331,12962,10695,3341,3225
3883,4564,4094,4916,4050,3960,5674,4172,7130,7975,6780,8178,6302,7775,6422,10343,9967,7080,2331,2596,2941,4160,3817,4147,3281,2889,6427,7962,7410,6637,8169,7386,10699,8164,8549,11028,4086,4096,3178,7994,5968,4855,11551,8498,7346,9223,10938,12415,10299,12187,11430,12904,9154,7528,3783,5807,4000,5911,7846,6297,8490,8173,7596,8223,8453,8170,11374,8745,9391,9339,3685,4665,3869,4300,10210,8381,8525,10571,8997,7580,9644,10158,8423,15696,10226,6104,9948,3506,5030,5454,3769,4422,14196,6358,7253,10187,10801,7434,6165,7966,7146,10281,14255,10567,3372,3078
3505,4454,4295,4813,4190,4143,5584,4187,7327,8007,7222,8437,6468,7996,6392,10456,9942,6737,2318,2565,2891,3999,3884,4211,3287,2872,6967,8895,8048,7127,8764,7645,11461,8899,8687,11583,3523,4011,2971,7958,5878,4735,11000,8793,7129,9649,11061,12255,10433,12214,11329,12878,9209,7091,3414,5918,3883,5810,7852,6177,8514,8105,7267,8249,8418,8183,11221,8567,9195,9052,3907,4914,3774,4242,11369,8557,8491,10334,9244,7736,10027,10913,8021,14944,10276,6529,10487,3597,5352,5635,3567,4722,14152,6619,7134,10650,11090,7629,6483,7699,7298,10262,15853,10538,3431,3121
3537,4258,4536,4801,4022,4268,5591,4246,7895,8642,7736,9147,6773,8439,6379,10966,9400,6500,2255,2638,2975,3809,4036,4191,3098,2914,7194,9278,8607,7274,9580,7680,11637,9739,8457,12039,3417,3983,2982,7782,5625,4555,10406,9109,6692,9600,11117,12438,10849,11978,10997,12510,8779,6785,3218,5912,3875,5505,7690,5631,8718,8077,6875,7857,8138,8054,11073,8288,8675,8637,4034,4944,3841,4151,12181,8573,8427,10139,9349,7947,11100,11587,7850,13791,9957,6647,10468,3525,5435,5549,3389,4921,14078,6650,7466,10733,11597,7657,6758,7483,7906,10268,16382,10266,3465,2996
3566,3972,4711,4691,4223,4263,5648,4403,9283,9115,8160,9608,7044,8733,6498,11229,9073,6683,2387,2647,2921,3851,4105,4098,3008,2872,7966,9804,9112,7974,10399,7943,12040,10296,8596,12131,3491,3786,2782,7722,5626,4385,9968,8860,6327,9980,11737,12623,11171,11743,11171,12615,8828,6383,2959,5712,3901,5213,7537,5293,8708,7825,6600,7657,7697,8123,10922,8236,8322,8347,4366,4946,3911,4271,12144,8487,8446,10225,9524,8513,12139,11940,7489,12936,9652,6859,10493,3464,5705,5753,3399,5354,14018,7033,7545,10875,11822,7893,6863,7735,8100,10296,16548,10266,3573,2865
3611,3739,4858,4866,4312,4630,5825,4391,9736,10023,8483,10096,7612,9225,6777,11625,9156,7087,2319,2575,2911,4057,4284,4316,3053,2900,8309,10530,9727,7912,10908,8193,12401,10718,8478,12561,3626,3753,2685,7511,5326,4407,9346,8841,6071,10371,12149,12140,11324,11721,11046,12582,8366,6051,2899,5461,4050,5369,7486,5054,8890,7751,6428,7696,7598,7803,11052,7816,8193,8200,4688,5147,4012,4290,12228,8227,8391,10146,9757,9070,12840,13263,7173,12100,9495,7292,10435,3376,6042,5928,3802,5819,13534,7087,7464,10423,12250,8498,6994,8202,8353,10035,17218,9962,3650,2834
3487,3627,5019,4860,4667,4827,5826,4520,11091,10747,8552,10437,8274,9313,7014,12107,9262,7563,2404,2444,2936,4109,4237,4410,3036,3125,9138,11280,9841,8045,11246,8466,12758,11567,8561,13501,3931,3804,2645,7341,5478,4247,8730,8583,5813,10413,12573,12096,11440,11117,11273,12546,7985,5836,2654,5322,4149,5227,7382,4843,8753,7467,6239,7419,7240,8102,11060,7914,8062,8115,4951,5320,4163,4541,12402,8216,8353,9946,9759,9829,13151,13929,6916,11142,9124,8054,10195,3365,6478,6065,4079,6103,13418,7207,7525,10458,11901,8780,7574,8507,8806,10121,16728,9869,3789,2908
3334,3497,5283,4993,4629,5190,6096,4868,11244,11455,9181,11030,9142,9993,7050,12549,9547,8420,2561,2367,3035,4206,4349,4356,3092,3180,9720,12080,10226,8797,11736,8758,13305,11982,8773,13430,4538,3902,2613,6926,5634,4236,8252,8382,5665,10399,13006,11900,11479,11296,11165,12213,7667,5761,2504,5147,3988,5275,7224,4565,8758,7723,6146,7434,6878,7865,10919,7944,7682,8280,5186,5410,4509,5151,12857,8221,8454,10002,9821,10396,13293,14257,6627,10578,9373,8320,10029,3176,6821,6081,4437,6437,13194,7539,7808,10430,12166,8818,8231,9080,9164,10236,16358,9697,3678,2754
3393,3190,5307,4715,4877,5249,6223,5122,10725,11659,9893,10962,9926,10259,7292,12897,9729,9235,2809,2426,3067,4389,4541,4251,3073,3373,10508,12985,10833,9448,12767,8863,13760,12503,8795,13881,4777,3717,2649,6639,5606,4180,8070,8229,5364,10561,13120,11642,11663,11134,10949,11922,7394,5432,2336,4932,3836,5070,7009,4599,8851,7436,6112,7394,6643,7806,10722,8041,7511,8110,5638,5508,4813,5680,13254,8348,8531,9926,10059,10961,13154,14594,6258,9987,9363,8698,9700,3255,6833,6252,4866,7108,13062,8237,7941,10203,12667,9003,8813,9388,9673,10186,15986,9379,3676,2563
3430,3348,5614,4798,5075,5387,6351,5316,10925,11967,10666,11249,10336,10770,7529,13157,10253,10320,3156,2385,3080,4449,4784,4630,3120,3599,10940,13033,11019,9979,13002,8751,14225,13089,9116,14146,4758,3555,2597,6402,5423,4111,7775,7985,5064,10268,13112,11764,11984,10929,10800,12172,7069,5484,2288,4582,3685,5019,6790,4287,8912,7526,5842,7195,6719,7901,10681,7795,7386,7984,5917,5534,4968,6119,12943,8376,8585,9984,9846,10959,13189,14764,6214,9554,9140,8959,9534,3041,6977,5946,5356,7474,13006,8846,8199,10138,13200,8643,9368,10288,9785,10458,15824,9151,3701,2526
3401,3623,5554,5332,5581,5418,6467,5640,10944,12146,11139,11377,10493,11193,7964,13345,10939,10951,3352,2318,3348,4737,5005,4936,3394,3700,11184,13087,11281,10143,13348,9012,14853,13569,9124,14348,4710,3660,2525,6043,5143,4084,7292,7614,5086,10150,12547,11718,11866,10719,10604,11884,7187,5128,2215,4343,3600,5077,6432,4160,8537,7396,5962,7099,6473,8072,10694,8023,7322,8029,6133,5500,5496,6720,13259,8065,8886,10027,10100,11130,13397,14337,5917,9151,8985,9514,9314,3080,7242,5853,6037,7879,13276,9444,8788,10212,13315,8789,9469,10871,9985,10362,15579,8882,3702,2394
3323,3754,5654,5524,5868,5663,6732,5965,11629,12677,11379,11747,11029,11600,7972,13664,11536,11155,3766,2591,3561,4804,5273,5171,3638,4006,11149,12989,11359,10521,13552,9227,15263,14307,9151,14053,5043,3451,2492,5720,5066,4278,6782,7369,4924,10017,12548,11370,11930,10312,10440,11484,6863,5119,2027,4042,3432,4955,6276,4037,8252,7207,5624,6737,6603,7793,10482,8084,7008,7802,6068,5445,5759,7250,13029,7859,9293,9955,9992,10925,13403,14261,5778,8544,8738,9551,9187,2964,7192,5654,6718,8178,13239,9749,8993,9867,13403,8838,9522,11217,10258,10350,14939,8411,3729,2378
3510,4294,5951,5573,5891,5893,7093,6125,11561,13019,11583,11738,11777,11986,8239,13967,12411,11236,3932,2720,3997,4981,5414,5634,3761,4343,11067,12976,11515,11198,13589,9407,15440,14697,9087,13738,5238,3385,2468,5233,4838,4120,6116,7278,4886,10038,12745,11017,11917,9912,10206,11272,6642,4965,1954,3941,3286,4943,5959,3738,7674,7271,5413,6788,6531,7769,10403,7957,6866,7531,5981,5428,6248,8047,13083,7905,9581,9826,10024,11193,13560,14092,5551,7666,8449,9592,9061,3030,7170,5304,7419,8206,13625,10153,9401,9427,13673,8412,9837,11518,10709,10501,14133,8232,3679,2251
3651,4647,6144,5610,6163,6067,7251,6561,11159,12927,11549,11776,12833,12116,8510,13699,13269,11571,4054,2801,4128,4913,5644,6018,4210,4701,11254,13166,11585,11716,13504,9509,15201,14810,9317,13656,5549,3386,2346,5115,4650,4269,6121,7308,4948,10241,12636,11026,11750,9589,9852,10694,6503,4766,1846,3581,3205,4700,5672,3711,7320,6913,5137,6803,6573,7698,10309,7871,6758,7103,6073,5289,6490,8438,13095,7741,9808,9624,10205,11293,13886,13904,5267,6998,8233,9524,9079,3004,7317,5074,8244,8454,13819,10880,9956,9360,13789,8629,9929,11432,10906,10244,13639,7978,3371,2135
3778,4778,6282,5577,6275,6372,7546,6678,11301,12979,11861,11762,13829,12090,8445,13843,13778,11600,4049,2938,4206,4830,5737,6544,4476,5090,11030,12951,11996,12028,13608,9569,15008,15047,9421,13592,5791,3285,2419,4744,4260,4064,5658,7258,4870,9936,12431,10731,11430,9356,9635,10366,6051,4656,1720,3315,3144,4732,5437,3797,6956,6935,4978,6775,6534,7395,9810,7778,6688,7122,5918,4948,6706,8724,12564,7636,9642,9556,10048,11204,13641,13880,5061,6192,7841,9380,8822,3002,7537,5005,8727,8595,14026,10968,9967,9214,13743,8545,10033,11957,11042,10180,13127,7600,3610,2127
3836,5031,6423,5772,6332,6893,7663,6882,10754,13244,11935,11901,14431,11723,8780,13704,14013,12016,4395,2957,4655,4862,5857,6803,4881,5532,11229,13175,12248,11863,13691,9744,15043,15149,9633,13694,5691,3093,2243,4383,4217,4037,5429,7130,4932,10107,12202,10696,10794,9047,9133,9610,5895,4499,1559,3123,2950,4649,5194,3477,6681,6619,4955,6639,6637,7249,9569,7671,6647,6820,5861,4972,6992,8646,12175,7356,9444,9314,9999,11246,14034,13745,4770,5480,7828,9398,8571,3133,7521,4913,9160,8597,13787,11087,10105,8958,13596,8436,9767,11805,11048,9749,12469,7175,3404,2065
3949,5391,6391,5838,6520,7211,7943,6955,10721,13431,11897,11982,14322,11732,8693,13477,14022,12130,4843,3141,4873,4797,5670,7188,5271,6164,11065,13200,12182,11677,13501,9712,15000,14851,9668,13917,5420,3006,2195,4099,3936,3977,5267,6970,4698,9842,11900,10485,10421,8616,8878,9447,5851,4398,1593,2987,2933,4540,4847,3478,6484,6418,4600,6490,6475,7239,9669,7324,6356,6658,5774,4643,7266,8694,11769,7360,9461,9166,9975,11609,13542,13274,4658,4980,7710,9328,8466,3134,7324,4699,9396,8714,13601,10957,10525,9061,13535,8315,10085,11900,11338,9683,11671,6760,3424,2016
3991,5867,6672,6001,6524,7293,8021,7208,10786,13500,11674,11707,14523,11751,8862,13410,13985,12482,5048,3321,5001,4856,5719,7492,5621,6644,11133,13317,12306,11664,13205,9625,14790,14536,9641,13999,5144,2756,2106,3964,3859,3746,5351,6863,4563,9317,11197,9824,10056,8108,8710,8783,5642,4117,1559,2823,2636,4304,4482,3367,6106,6246,4650,6622,6337,7331,9521,6855,6404,6681,5913,4680,7605,8460,11656,7523,9546,9539,9993,11537,13672,13258,4390,4317,7216,9282,8170,2996,7309,4734,9736,8841,13025,10598,10564,9260,12908,8239,10152,11940,11535,9306,10987,6117,3397,1868
4213,5890,6618,6225,6611,7181,8249,7283,11223,13260,11502,11582,14481,11646,9112,13412,14282,12561,5213,3638,5264,4825,5719,7525,6477,7301,11101,13164,12324,11775,13025,9779,14096,14209,9500,13758,4987,2599,1937,3396,3640,3710,5230,6642,4514,8938,10774,9360,9338,7918,8402,8577,5534,4009,1372,2705,2508,4059,4259,3375,5618,6259,4368,6654,6287,7093,9358,6684,6266,6381,6456,4630,7715,8610,10903,7335,9498,9216,10138,11213,13215,13095,4121,3980,7108,9242,7915,2921,7205,4634,9703,8805,12438,10341,10357,9162,12419,8404,10281,11996,11806,9026,10275,5682,3314,1825
4597,6023,6503,6368,6644,7362,8744,7297,11315,12968,11318,11565,14589,11318,8856,13159,14080,13066,5102,3745,5342,4893,5565,7508,6796,7654,11207,13425,12245,11564,12712,9629,13646,14348,9294,13787,4946,2386,1889,3245,3622,3550,5082,6692,4595,8702,10207,8994,8719,7584,7840,8091,5313,3871,1513,2524,2284,3856,3932,3225,5351,6206,4302,6818,6422,6999,9372,6368,6019,6142,6487,4632,7408,8622,10533,7172,9456,9059,9919,10992,13249,12576,3858,3457,6962,8876,8034,3000,6910,4525,9561,8941,12020,10315,10317,9134,11914,7943,10164,11983,12017,8738,9641,5364,3349,1708
4519,5998,6521,6808,6628,7565,8785,7330,11553,13386,11372,11820,14587,11167,8960,13175,13748,12990,5137,3853,5630,4886,5427,7436,7296,7894,11075,13529,12285,11705,12329,9745,12862,14327,8911,13502,4995,2358,1829,3106,3427,3257,4781,6365,4273,8485,9357,8611,8334,7354,7563,7677,5268,3791,1336,2311,2203,3660,3610,3123,5072,6092,4205,6746,6376,6982,8937,6151,5831,5772,6645,4523,7603,8702,9764,7137,9485,8757,10126,11030,12928,12431,3689,3079,6675,8780,7555,2939,6749,4479,9581,8810,11245,9948,10189,9150,11488,7925,10083,11949,12033,8663,9209,5155,3255,1707
4769,6075,6472,7039,6768,7800,8865,7618,12144,13079,11116,11433,14077,10929,9085,13224,13478,13140,5141,3782,5586,4760,5367,7566,7483,8200,11440,13466,12028,11528,12239,9828,12392,14573,8782,13170,4655,2273,1626,2932,3158,3201,4451,6154,4278,8296,9285,8220,7932,6708,7102,7139,5052,3671,1288,2129,2089,3375,3525,2984,4752,5972,4014,6570,6309,6759,8886,5947,5624,5356,6687,4484,7673,8913,9070,6892,9611,8418,10284,10798,13079,12063,3525,2733,6257,8809,7051,2861,6452,4377,9645,8718,10715,10122,10178,9090,10842,8040,10334,11755,12217,8449,8446,4776,3094,1580
5127,5926,6289,7064,6882,7946,9173,7380,12658,12950,10987,11388,13914,10615,9149,13128,13344,12888,4914,3847,5664,4986,5311,7990,7903,8047,11441,13409,11960,11800,12086,9690,12160,14361,8583,12749,4626,2162,1609,2780,3021,3019,4149,5905,4175,7680,8473,7773,7537,6519,6731,6435,5064,3433,1306,1865,1921,3168,3322,3008,4531,5849,4108,6457,6237,6495,8501,5592,5264,5026,6541,4303,7474,9100,8546,6798,9564,8423,10079,10806,12729,11872,3134,2432,5858,8556,7010,2791,5857,4125,9591,8438,10013,9945,9923,9320,10438,8128,10536,11783,12421,8268,7860,4566,3036,1529
5454,6133,6155,7082,6904,8098,9095,7651,12761,12722,10894,11194,13327,10317,8831,13062,12864,12327,4825,3989,5496,5286,5208,8118,8388,8478,11277,13256,11699,11776,12190,9809,11823,14087,8172,12255,4424,2036,1460,2618,2859,2862,3837,5754,4035,7527,7874,7465,7127,5924,6218,5962,4820,3268,1173,1745,1775,2956,3112,2869,4359,5615,3874,6225,6094,6220,7970,5415,5142,4606,6414,4401,7245,8839,7969,6862,9225,7862,10041,10397,12317,11604,2902,2192,5391,8182,6644,2590,5429,4028,9367,8157,9156,9500,9967,9502,10045,7960,10477,11622,12577,7938,7533,4261,2883,1409
5604,6186,6134,7403,7256,8093,9027,7645,12520,12327,10970,11117,13439,10329,8644,13167,13040,12310,4716,3959,5566,5437,5416,7968,8893,8433,11458,13321,11919,11854,12199,9650,11662,14059,8204,12051,4252,1912,1377,2456,2669,2621,3516,5614,3962,7037,7477,6970,6793,5587,5984,5559,4604,3208,1120,1652,1595,2720,2865,2765,4140,5624,3752,6116,6207,6149,7838,5139,4956,4164,6331,4164,7335,8605,7619,7069,9017,7881,9909,10218,11986,11387,2745,1918,5178,7840,6458,2509,5073,3712,8800,7820,8090,9524,9615,9488,9459,7827,10183,11278,12409,7515,7252,3907,2690,1422
5716,6182,6152,7364,7196,8093,8923,7738,11964,11890,11069,10804,12972,10327,8840,13106,13031,11821,4560,4018,5710,5297,5450,7917,9282,8543,11329,13404,11721,11787,12139,9403,11324,13777,8115,11331,3979,1792,1231,2305,2432,2471,3159,5309,3889,6528,7031,6649,6353,5411,5471,4985,4329,2908,1045,1520,1592,2648,2621,2702,3925,5505,3714,5978,6161,5831,7391,4845,4603,3850,6180,4287,7300,8294,7137,7141,8629,7416,9818,9851,11654,11192,2547,1665,4898,7554,6162,2457,4727,3691,8493,7802,7527,9539,9664,9629,9084,7927,10319,10780,12290,7333,6649,3636,2607,1375
5882,5947,6298,7477,7149,8162,8901,7686,11473,11722,10660,10592,12807,10077,8713,12772,12800,11305,4417,3976,5610,5459,5497,7780,9419,8781,11211,12920,11241,11516,12122,9196,11075,13306,7674,11183,3966,1666,1151,2010,2234,2380,2874,4881,3835,6234,6681,6198,6120,4829,4830,4664,4067,2814,983,1410,1389,2363,2465,2501,3755,5263,3456,5850,5966,5523,6977,4683,4496,3524,6026,4141,7272,8019,6674,7044,8344,6936,9346,9677,11161,10411,2315,1457,4670,7183,5789,2278,4362,3658,7953,7211,6811,9505,9451,9435,8307,7878,10478,10429,11744,7183,6092,3479,2497,1283
6117,5949,6150,7479,6859,8161,8837,7911,11294,11249,10510,10013,12868,10122,8628,12474,12471,10787,4179,4234,5655,5259,5453,7628,9307,8518,10879,12219,10978,11470,12269,8884,10598,12434,7304,10626,3805,1485,1091,1849,2127,2249,2678,4734,3613,5805,6335,5956,5704,4628,4618,4386,3885,2710,938,1272,1299,2209,2303,2364,3400,5137,3406,5791,5928,5395,6649,4167,4391,3371,5861,4016,7187,7278,6117,7002,8059,6814,9329,9387,10660,10008,2100,1389,4302,6861,5585,2126,3884,3492,7641,7001,6237,9330,8885,9162,7733,7643,10246,10084,11497,6688,5961,3397,2341,1369
5977,5787,5955,7489,6704,7842,8685,7793,11362,11071,10300,9758,12624,10180,8581,12085,12242,10530,3902,4243,5839,5296,5327,7630,9390,8719,10537,11599,10761,11673,12340,8594,10043,12259,7169,9923,3495,1363,1027,1683,1902,2114,2477,4455,3639,5535,5936,5523,5273,4201,4225,3927,3711,2577,883,1135,1262,2127,2098,2270,3100,5012,3261,5486,5674,5163,6368,3971,4057,3214,5399,3995,7177,7106,5671,6788,7736,6596,9118,8959,10046,9888,1940,1143,4085,6419,5480,2047,3601,3461,7238,6908,5716,8982,8901,8939,7202,7709,10095,9939,10850,6344,5423,3055,2247,1290
6126,5994,5843,7488,6658,7551,8932,7768,10719,10909,10231,9481,12453,9949,8452,11415,11821,10308,3686,4304,5723,5418,5290,7426,9385,8424,10463,11056,10183,11320,11880,8521,9910,11790,6829,9161,3497,1272,977,1604,1670,1979,2340,4457,3416,5241,5396,5007,4779,3899,3895,3711,3445,2574,836,1188,1117,1918,2068,2144,2994,4838,3227,5155,5536,4866,5906,3765,3950,3033,5226,3905,6852,6655,5367,6921,7568,6192,8842,8449,9673,9406,1781,1078,3810,6035,5029,1950,3464,3546,6847,7055,5571,8858,8932,8725,6631,7635,9958,9598,10557,5998,5081,2892,2105,1295
6037,6034,5765,7481,6622,7299,9056,7791,10478,10393,9881,9344,12254,9884,8210,11446,11276,9807,3402,4429,5440,5041,5209,7391,9557,8395,10208,10413,9871,11228,11896,8353,9396,11371,6449,8419,3420,1165,894,1502,1577,1896,2166,4163,3374,4962,5171,4741,4404,3592,3504,3531,3309,2409,824,1047,1043,1753,2019,2055,2737,4766,3067,4981,5233,4479,5500,3493,3794,2865,4925,3812,6735,6592,5157,6929,7090,5669,8240,8073,8869,9151,1630,957,3628,5855,4839,1802,3094,3327,6601,6795,5305,8792,8946,8448,6298,7361,9550,9272,9988,5530,4598,2554,2014,1188
6200,6190,5459,7192,6447,7255,8947,7703,10171,10308,9811,9013,11927,9597,8352,10618,10631,9292,3161,4532,5204,4984,5213,7178,9297,8169,10049,9824,9200,11069,11769,8076,9114,10868,6231,7554,3261,1064,847,1398,1477,1742,1920,3961,3187,4638,4718,4450,3932,3418,3313,3177,2985,2175,780,986,942,1768,1858,1917,2601,4461,2934,4713,4982,4219,5244,3338,3642,2639,4619,3769,6617,6140,4776,6812,6728,5208,7657,7534,8482,8428,1553,855,3241,5310,4376,1702,2964,3232,6143,6715,4996,8531,8870,8173,6012,7155,9454,8805,9802,5242,4155,2363,1771,1110
5990,6189,5540,7191,6130,7095,8932,7714,10163,9996,9640,8753,11776,9105,7854,10104,9828,8553,3057,4452,5012,5207,5238,7340,9463,8260,9609,9167,8881,10761,11229,7743,8873,10521,5747,7252,2946,1046,806,1357,1371,1641,1675,3675,3014,4421,4445,4097,3713,3217,3127,3006,2829,2150,789,968,897,1593,1668,1818,2453,4244,2802,4444,4737,3749,4961,2994,3310,2507,4321,3501,6355,5849,4314,6805,6592,4961,7394,7286,7899,7859,1506,810,3134,5082,4263,1613,2669,3178,5787,6736,4678,8330,8798,7859,5556,7009,9181,8561,9379,4934,3922,2196,1744,1084
6156,6148,5334,7131,6146,6837,8947,7437,10058,9616,9542,8526,11362,8552,7385,9466,9105,7823,2965,4730,4712,5098,5173,7264,9467,8339,9357,8668,8666,10381,10743,7543,8577,9879,5377,6526,2895,927,756,1229,1272,1622,1604,3541,2864,4005,4007,3804,3556,2920,2803,2864,2632,2065,807,932,865,1487,1508,1647,2282,4222,2711,4337,4527,3616,4547,2930,3202,2415,4048,3519,6033,5495,3927,6709,6419,4551,6924,6775,7201,7558,1351,646,2829,4758,3817,1427,2508,3131,5313,6541,4456,8189,8598,7448,5119,6854,9094,8344,8975,4669,3547,1964,1559,1076
6119,5953,5248,7428,5897,6803,8864,7311,10101,9464,9293,8196,10747,7924,7144,9014,8502,7132,2816,4661,4640,5155,5141,7264,9342,8345,9194,8048,8244,9892,10367,7308,8053,9497,5123,5853,2804,836,664,1139,1214,1475,1471,3312,2837,3645,3765,3625,3097,2615,2774,2549,2451,1822,721,842,876,1360,1378,1473,2248,3921,2628,3922,4313,3266,4383,2565,2928,2351,3972,3315,5646,5555,3651,6325,6300,4211,6477,6760,6681,6879,1219,558,2624,4390,3699,1395,2363,3010,5171,6357,4336,8070,8517,7264,4687,6566,8716,8044,8650,4442,3441,1759,1457,977
5885,6110,5026,7401,5736,6690,8640,7240,9707,9019,9073,7871,10671,7685,6787,8348,8207,6637,2632,4650,4399,5009,5158,7195,9016,8370,8661,7502,7812,9725,9770,6879,7722,8992,4630,5253,2575,779,639,1066,1020,1362,1236,3140,2673,3357,3510,3362,2941,2511,2522,2447,2304,1756,676,774,771,1278,1345,1413,2056,3682,2459,3786,3969,3129,3952,2494,2696,2192,3514,3160,5374,5201,3377,6165,6120,3892,6063,6378,6163,6383,1072,477,2519,4105,3324,1313,2175,3010,4960,6124,4107,7793,8391,6927,4416,6183,8300,7721,8317,4133,2965,1594,1339,1032
5967,6036,4897,7177,5566,6615,8470,7190,9075,8481,8696,7867,10145,7395,6485,7986,7635,6115,2428,4539,4312,4965,5135,6874,8883,8358,8425,6773,7287,9245,9236,6526,7189,8281,4466,4788,2529,661,624,973,983,1203,1188,2827,2535,3183,3319,3175,2538,2229,2407,2177,2248,1632,645,707,725,1244,1244,1352,2044,3492,2396,3601,3737,2898,3755,2275,2475,2035,3277,3049,4898,5047,3142,5964,5886,3936,5655,6259,5627,6030,1109,464,2318,3810,3104,1238,2040,2857,4736,5824,3937,7563,8234,6396,4007,5964,7964,7345,7791,4079,2756,1507,1286,933
6085,6050,4945,7213,5525,6445,8283,7007,8449,7969,8567,7310,9603,6907,6231,7326,7332,5659,2214,4492,4303,4768,4995,6752,8528,8375,7924,6590,7149,8548,8917,6045,6769,7649,3934,4418,2412,659,613,980,899,1162,1025,2807,2358,3022,3025,3074,2568,2093,2198,2025,2049,1513,697,630,671,1208,1106,1214,1768,3439,2231,3482,3620,2675,3374,2134,2431,1800,2985,2914,4630,4659,3019,5832,5587,3416,5286,5734,5363,5587,1024,423,2250,3666,2789,1100,1883,2703,4573,5668,3769,7349,7863,6063,3603,5656,7955,6750,7195,3728,2365,1325,1174,905
6169,5984,4865,7373,5365,6184,8073,7298,7936,7560,8108,6932,9304,6680,5822,6684,6894,5049,2054,4433,4175,4455,4787,6504,7986,8148,7438,5905,6787,8263,8442,5751,6134,6788,3851,3950,2205,611,594,799,788,1032,1002,2532,2299,2802,2864,2747,2312,1876,2098,1832,1774,1355,610,567,630,1099,976,1228,1590,3178,2126,3258,3318,2402,3124,1915,2289,1702,2707,2807,4504,4666,2703,5575,5157,3249,4879,5379,4993,5188,891,402,2066,3295,2633,1081,1702,2731,4302,5389,3430,7090,7413,5821,3295,5317,7619,6579,6820,3505,2206,1345,1036,869
6102,5896,4742,7205,5097,5876,7904,7057,7371,7187,7801,6457,8785,6279,5537,6044,6365,4620,2011,4416,4071,4307,4789,6296,7932,8215,7211,5693,6295,8196,7951,5546,5669,6380,3382,3544,2044,557,504,787,702,1043,953,2285,2091,2597,2633,2529,2114,1808,1948,1710,1857,1358,578,524,574,966,919,1076,1497,2864,1970,3069,3095,2209,2992,1789,2142,1608,2401,2744,4310,4270,2613,5379,5024,3036,4324,4895,4702,4847,867,342,1927,3044,2298,928,1581,2681,4061,5088,3129,6699,7215,5484,2981,5010,7382,6046,6324,3317,1964,1211,993,763
5924,5649,4661,7179,5022,5703,7724,7002,6924,6723,7365,6011,8289,6018,5351,5523,5832,4345,1722,4426,4223,4072,4701,6181,7651,8091,6896,5126,6022,7753,7444,5259,5251,5722,3221,3119,1954,540,488,795,651,943,836,2121,2024,2400,2399,2343,1963,1675,1819,1622,1686,1277,582,488,537,992,817,1051,1376,2866,1965,2923,2846,2054,2729,1741,2037,1480,2260,2687,3978,4023,2384,5174,4761,2803,4021,4842,4328,4434,829,286,1655,2842,2210,901,1470,2725,3853,4890,2816,6416,6745,5151,2876,4861,7157,5684,6002,3158,1783,1184,957,773
6014,5469,4371,7001,4817,5464,7291,6798,6523,6273,6847,5614,7910,5474,4839,5128,5312,3879,1631,4423,4008,3864,4469,5791,7452,7951,6514,4861,5766,7223,6813,4920,4858,5297,3012,2701,1800,457,459,679,604,861,752,2028,1878,2267,2263,2200,1851,1536,1713,1452,1578,1198,502,406,514,885,759,1030,1316,2742,1716,2753,2722,1911,2607,1454,1881,1443,2108,2584,3610,3843,2336,4955,4552,2629,3754,4321,4212,4157,747,285,1609,2523,2016,802,1320,2750,3542,4691,2528,5984,6664,4914,2650,4437,6630,5326,5755,2987,1497,1116,800,678
5867,5392,4396,6877,4839,5427,6959,6808,5836,6021,6405,5263,7178,5310,4645,4707,4794,3645,1412,4313,3976,3758,4130,5556,7265,7981,6107,4556,5261,6836,6298,4615,4464,4751,2705,2442,1652,430,403,674,570,783,668,1821,1733,2160,2113,2003,1737,1527,1575,1300,1492,1135,478,392,520,751,720,888,1136,2553,1734,2582,2581,1738,2333,1354,1663,1329,1845,2441,3548,3752,2058,4794,4319,2470,3501,4118,3842,3879,723,266,1446,2320,1828,800,1119,2653,3322,4390,2361,5776,6324,4467,2406,4223,6400,4938,5421,2781,1437,1028,770,614
5730,5063,4220,6572,4591,5121,6585,6709,5254,5724,5996,4843,6829,5020,4298,4341,4556,3432,1280,4235,3770,3631,4107,5292,7090,7784,5586,4133,4943,6383,5845,4254,4220,4352,2503,2186,1395,421,403,580,458,797,583,1799,1756,1977,1938,1956,1531,1264,1482,1352,1414,1084,446,376,486,741,622,847,1047,2483,1593,2444,2411,1659,2192,1239,1535,1232,1622,2353,3301,3598,1976,4465,4151,2289,3269,3834,3493,3646,615,225,1302,2182,1692,700,1032,2613,3140,3889,2120,5363,5884,4261,2206,4035,5822,4575,5243,2546,1361,895,704,616
5657,4639,3947,6338,4481,5022,6236,6807,4965,5432,5876,4296,6203,4561,4006,4058,4075,3232,1172,3993,3708,3428,3943,5030,6784,7552,5310,3774,4590,5889,5418,3916,3901,4133,2348,2010,1278,366,337,551,486,688,499,1608,1579,1895,1733,1753,1466,1298,1428,1161,1285,1004,468,369,430,677,597,824,994,2279,1511,2339,2236,1501,2083,1153,1482,1065,1489,2278,3069,3471,1804,4219,3973,2017,3036,3512,3373,3438,655,199,1303,2055,1577,722,977,2382,2942,3587,1944,4902,5626,3921,2089,3725,5560,4357,4959,2421,1166,894,666,600
5290,4346,3801,6188,4398,4562,5810,6654,4693,4834,5399,3901,5756,4266,3622,3803,3741,2908,1148,3904,3587,3210,3921,4668,6776,7405,4804,3440,4246,5637,4968,3611,3621,3852,2159,1825,1240,334,308,495,417,645,467,1447,1645,1845,1623,1604,1378,1133,1327,1119,1248,932,421,346,370,606,520,763,887,2130,1411,2143,2141,1378,1983,1043,1391,975,1505,2164,2919,3257,1708,3968,3656,1882,2871,3249,3095,3087,578,169,1143,1833,1469,611,872,2315,2731,3256,1884,4680,5256,3637,1871,3492,5038,4164,4672,2269,1149,736,553,552
5256,4093,3693,5775,4082,4371,5834,6459,4370,4613,4926,3623,5158,3784,3420,3435,3399,2600,1095,3893,3368,2941,3746,4398,6365,7196,4588,3107,3973,5099,4617,3354,3174,3527,2039,1662,1172,282,291,433,399,586,453,1346,1397,1636,1612,1561,1304,1070,1232,1051,1189,876,402,323,378,538,476,761,824,2036,1347,2132,2038,1342,1709,1059,1283,923,1330,2098,2818,3071,1520,3826,3491,1733,2649,3028,2857,2950,559,151,1098,1763,1358,567,767,2260,2751,3082,1628,4301,5106,3483,1770,3301,4717,3918,4360,2097,951,716,560,486
4885,3835,3444,5744,3944,4202,5377,6386,4161,4283,4609,3541,4648,3517,3187,3276,3186,2389,892,3776,3255,2809,3836,4090,6298,6825,4271,2884,3621,4900,4382,3120,2949,3123,1815,1456,1075,266,295,418,385,577,387,1206,1388,1552,1410,1490,1220,965,1101,958,1143,820,422,310,377,549,447,688,784,1953,1265,1946,1832,1249,1634,889,1193,851,1254,1951,2537,2945,1483,3623,3250,1617,2443,2798,2582,2633,495,143,1010,1555,1168,577,684,2161,2513,2689,1559,3958,4614,3102,1564,3164,4327,3742,4110,1874,896,691,495,469
4738,3832,3289,5299,3746,3870,5058,6122,3812,4034,4238,3056,4294,3203,2850,2970,2884,2060,877,3729,3125,2646,3514,3847,6000,6627,4075,2743,3399,4557,4193,2737,2686,2873,1700,1311,995,237,266,391,381,453,350,1160,1247,1427,1400,1363,1123,953,971,907,1072,713,345,287,317,501,434,639,741,1791,1193,1781,1748,1129,1592,835,1100,788,1197,1923,2447,2659,1376,3470,2940,1479,2311,2660,2359,2409,440,120,943,1518,1138,546,576,1993,2436,2557,1453,3674,4321,2973,1497,2863,4118,3523,3844,1788,780,583,447,400
4439,3567,3075,5056,3551,3503,4827,6160,3664,3777,3887,2899,3919,2967,2692,2525,2554,1931,754,3451,2893,2394,3378,3614,5633,6196,3799,2504,3265,4256,3679,2655,2502,2712,1571,1186,893,205,229,354,307,452,299,1128,1190,1361,1234,1242,1006,952,919,877,1020,698,335,256,305,458,375,579,675,1737,1144,1740,1623,1105,1496,828,992,754,1028,1893,2287,2417,1228,3302,2685,1396,2076,2320,2144,2234,447,112,838,1322,1070,491,535,2036,2365,2300,1381,3313,3989,2729,1431,2734,3925,3245,3628,1760,670,613,422,395
4063,3418,2883,4632,3349,3331,4574,6174,3307,3458,3480,2740,3605,2772,2417,2392,2370,1851,687,3409,2684,2239,3318,3534,5665,5916,3399,2345,2970,4034,3443,2346,2200,2465,1430,1074,842,194,241,345,261,408,281,981,1160,1267,1111,1178,991,866,875,840,951,686,321,246,288,421,382,539,582,1740,1077,1597,1573,976,1422,735,936,690,934,1678,2112,2195,1123,3093,2593,1234,2015,2053,1897,2190,373,93,786,1223,971,436,480,1926,2165,2148,1215,3188,3802,2725,1265,2422,3657,2974,3370,1522,644,529,350,338
3849,3180,2762,4440,3329,2934,4302,5921,3169,3239,3364,2551,3333,2551,2346,2150,2181,1643,664,3231,2676,2071,3268,3381,5403,5670,3300,2124,2656,3622,3119,2206,2038,2222,1370,950,771,191,193,256,256,352,288,1024,977,1183,1182,1134,908,774,824,753,931,646,312,259,272,403,333,474,604,1583,1059,1507,1446,993,1318,645,921,695,820,1741,2047,2041,1043,2988,2362,1160,1800,1888,1740,1922,366,85,695,1165,910,428,443,1864,2000,1923,1172,2996,3489,2542,1250,2314,3433,2832,3119,1479,564,515,343,331
3660,2956,2545,4182,3126,2820,4176,5826,3036,3042,3142,2252,2935,2353,2184,1993,2028,1551,659,3054,2492,1966,3064,3093,5206,5206,2983,1988,2609,3478,2843,2123,1858,2004,1296,911,721,152,208,261,239,365,227,908,958,1138,1087,950,828,722,743,709,876,637,262,227,247,374,328,483,536,1502,1017,1400,1348,873,1249,610,906,635,770,1560,2000,1811,921,2882,2171,1094,1681,1700,1522,1790,335,68,716,1070,801,402,417,1835,1838,1705,988,2672,3447,2355,1103,2051,3048,2644,2823,1337,497,412,326,326
3423,2819,2411,3948,2966,2588,3977,5579,2892,2939,2823,2127,2770,2149,2018,1870,1772,1496,611,2889,2358,1831,3043,2927,4970,4864,2657,1741,2360,3134,2624,2071,1803,1942,1223,763,631,170,177,216,207,334,219,894,893,1044,967,933,780,733,697,644,771,556,237,209,231,341,299,454,524,1475,1032,1324,1287,761,1214,584,807,584,697,1506,1794,1705,903,2784,2136,955,1666,1527,1406,1704,276,72,695,996,773,330,346,1725,1724,1639,914,2596,3283,2337,997,1888,2819,2450,2754,1315,449,387,285,300
3260,2536,2240,3832,2837,2360,3698,5271,2647,2755,2451,2031,2588,1935,1840,1669,1578,1339,581,2840,2139,1587,2823,2736,4781,4523,2578,1643,2140,2921,2461,1852,1650,1812,1097,704,549,109,157,194,193,331,189,880,870,975,884,908,764,631,651,643,708,529,207,207,203,344,322,427,477,1400,937,1265,1204,749,1124,543,723,559,662,1474,1701,1545,805,2551,1879,872,1452,1405,1281,1554,252,64,659,922,697,300,312,1577,1649,1434,843,2444,2891,2135,977,1711,2666,2289,2400,1221,408,336,256,276
3050,2443,2070,3556,2660,2210,3513,4977,2428,2753,2330,1834,2385,1905,1724,1519,1496,1161,535,2748,2103,1530,2792,2673,4451,4251,2482,1575,2037,2741,2174,1793,1490,1743,998,684,508,120,120,180,182,287,183,785,818,865,844,849,697,601,590,560,691,457,206,170,193,353,260,335,419,1294,907,1113,1134,696,1055,520,749,501,642,1383,1482,1323,736,2416,1804,780,1407,1312,1214,1483,238,49,598,871,653,309,301,1544,1420,1332,729,2252,2596,1844,921,1639,2494,2137,2229,1137,354,385,198,252
2914,2226,1989,3245,2503,1880,3237,4671,2267,2466,2118,1806,2234,1687,1633,1411,1358,1074,471,2483,1886,1399,2586,2485,4360,4145,2255,1489,1735,2517,1926,1678,1341,1579,955,598,453,96,137,175,187,268,177,741,757,883,799,805,656,523,535,517,617,437,171,173,186,362,285,342,401,1243,873,1098,1018,674,985,447,615,448,585,1321,1482,1333,758,2268,1690,783,1273,1141,1065,1382,236,47,536,838,635,292,244,1385,1392,1158,711,2033,2462,1735,849,1504,2231,2001,2035,1034,321,280,218,232
2683,2029,1723,3021,2454,1828,3017,4578,2011,2249,1949,1573,1984,1629,1543,1266,1228,985,437,2380,1872,1301,2558,2374,4036,3941,2028,1340,1677,2297,1775,1499,1244,1424,924,549,416,103,132,169,164,276,169,707,719,785,756,733,598,486,517,483,591,389,151,146,160,289,256,321,392,1111,832,1019,993,601,863,463,595,414,514,1248,1390,1168,642,2083,1584,672,1125,1042,953,1179,240,41,441,778,550,265,231,1347,1256,1139,677,1920,2207,1586,733,1436,2051,1854,1937,1018,241,261,172,226
2483,1954,1674,2706,2264,1682,2757,4376,1835,2146,1843,1493,1894,1438,1431,1206,1052,859,378,2227,1548,1193,2417,2240,3743,3717,1933,1194,1604,2132,1673,1389,1090,1306,803,434,370,93,115,139,140,223,172,683,626,747,747,659,578,439,488,422,552,359,156,116,151,292,256,319,376,1096,745,993,886,582,839,431,566,398,457,1177,1242,1127,665,1945,1520,611,1100,921,901,1099,206,44,471,739,602,196,208,1209,1197,994,603,1620,2085,1428,722,1280,1886,1653,1846,916,246,231,187,235
2245,1742,1576,2614,2221,1655,2719,3965,1582,2053,1645,1313,1783,1367,1307,1125,976,810,379,2137,1520,1112,2243,2078,3615,3420,1715,1139,1480,2024,1507,1268,1026,1273,778,430,352,84,99,120,156,225,127,644,614,711,627,628,535,462,454,392,486,363,155,134,143,263,234,296,289,1044,727,919,853,520,681,383,547,375,425,1204,1242,987,550,1943,1392,555,976,850,844,1001,175,28,490,627,519,196,173,1135,1098,955,528,1613,1883,1312,649,1168,1665,1510,1641,875,207,211,177,207
2198,1711,1468,2570,2028,1515,2471,3922,1347,1816,1570,1215,1604,1238,1239,999,854,722,331,1917,1415,989,2153,1889,3384,3261,1592,1018,1368,1840,1325,1159,931,1098,758,371,313,72,106,117,117,213,108,612,581,681,618,585,512,403,434,363,488,302,144,116,139,254,213,269,302,1034,677,787,802,480,672,373,497,338,365,1127,1167,974,511,1815,1208,486,1028,768,734,975,153,38,425,569,435,189,171,1091,971,900,484,1449,1712,1241,604,1179,1563,1425,1548,806,200,177,137,217
2039,1476,1372,2450,1976,1428,2354,3720,1306,1654,1469,1172,1458,1126,1130,920,788,630,304,1835,1270,953,2133,1797,3122,3016,1591,882,1247,1720,1204,1125,792,1011,726,366,259,64,90,121,133,204,116,535,536,636,600,560,438,358,344,361,448,298,137,112,120,251,188,267,260,960,674,739,729,454,595,352,476,329,328,1080,1128,927,458,1635,1155,463,871,651,682,891,163,28,407,574,476,194,158,1014,984,731,502,1303,1619,1136,580,1032,1369,1298,1419,719,188,205,139,161
1825,1504,1351,2219,1970,1337,2136,3578,1127,1536,1316,1070,1302,1043,1015,871,720,595,272,1755,1170,840,1991,1725,2950,3002,1414,838,1108,1621,1133,996,745,918,692,336,241,76,78,115,112,170,107,523,520,604,566,510,459,380,356,295,375,269,114,111,132,246,184,222,261,863,631,763,661,428,610,328,455,297,293,987,961,821,366,1587,1134,398,811,599,613,796,132,15,387,516,403,145,143,1003,877,730,404,1256,1541,1072,512,935,1255,1303,1357,714,163,158,141,193
1790,1322,1264,2071,1843,1245,1997,3257,1146,1376,1232,994,1260,994,1016,775,684,579,292,1687,1195,841,1890,1586,2865,2719,1323,727,1039,1551,1038,928,743,814,594,337,256,65,75,99,95,174,116,426,555,518,519,451,430,373,342,313,372,260,108,93,109,216,158,202,227,799,612,695,652,434,525,312,396,283,298,960,891,814,327,1482,1058,376,745,552,548,836,117,20,329,485,398,141,143,869,776,625,406,1052,1438,912,477,845,1157,1130,1336,646,140,142,120,154
1671,1236,1176,1932,1739,1124,1959,2997,1058,1200,1164,910,1088,928,965,694,611,506,240,1519,1122,758,1836,1467,2681,2577,1234,689,938,1398,1000,871,640,788,622,264,196,65,66,84,88,147,83,416,477,527,498,444,418,326,298,319,351,238,111,80,112,195,120,239,234,710,562,625,604,399,535,267,373,283,279,883,920,721,323,1435,972,359,692,461,507,692,107,18,338,457,313,142,128,830,726,532,376,994,1390,880,430,821,1048,1086,1208,542,113,135,94,158
1448,1111,1072,1825,1612,1065,1752,2839,956,1150,1090,844,1039,887,838,607,542,452,218,1454,984,690,1680,1470,2482,2484,1136,637,837,1290,974,861,570,740,561,257,170,45,67,93,85,139,87,440,426,485,428,406,386,285,311,248,345,245,103,93,86,166,98,234,209,688,514,557,595,326,490,260,381,228,223,793,856,686,279,1317,894,307,598,475,430,676,109,20,314,398,343,130,76,769,716,486,363,979,1197,867,425,734,963,1024,1129,530,102,116,85,150
1409,1049,998,1706,1615,1081,1710,2753,875,1048,983,796,888,761,870,520,506,446,209,1310,959,664,1673,1265,2396,2264,1031,658,790,1141,839,760,548,663,527,263,156,34,60,76,84,139,77,377,386,440,400,364,349,286,268,254,294,221,81,67,88,139,104,207,197,636,547,556,471,337,483,218,346,248,188,824,820,592,268,1221,828,322,584,423,442,619,98,16,259,389,287,115,85,684,642,477,312,839,1185,793,401,664,863,966,975,498,105,101,79,144
1330,1038,957,1593,1440,974,1577,2641,793,927,956,730,785,787,719,490,487,376,198,1212,896,630,1562,1230,2293,2140,924,582,689,1154,833,691,518,601,508,238,123,37,49,61,85,119,57,358,422,432,415,362,338,252,255,269,282,216,68,76,95,154,88,221,176,625,459,529,467,307,459,212,326,233,164,755,703,563,263,1138,790,261,530,396,381,566,62,18,250,338,277,115,95,702,578,422,296,781,1156,670,362,621,781,894,936,440,85,99,74,138
1144,906,850,1493,1331,924,1526,2506,792,942,861,650,722,679,649,463,461,368,184,1204,809,567,1417,1089,2111,2116,859,548,594,1011,676,636,446,587,451,187,127,34,54,61,72,122,45,314,355,376,346,330,333,234,241,219,273,208,79,76,68,129,93,173,150,539,508,498,479,282,393,188,303,240,170,697,647,532,243,1108,710,264,480,391,374,492,88,11,202,289,258,111,65,608,505,370,258,797,1035,687,383,599,736,865,894,438,80,69,63,106
1095,878,774,1359,1309,810,1460,2343,748,894,854,617,648,647,647,398,394,342,206,1061,721,480,1388,1083,1972,1908,826,514,594,955,623,576,408,469,464,201,109,22,57,72,65,95,69,292,330,369,350,335,341,227,229,208,251,157,78,96,67,125,68,171,141,499,411,466,413,259,391,202,259,184,156,656,578,505,187,1024,647,235,476,347,330,506,76,10,191,319,250,98,82,581,496,351,253,727,966,656,322,456,651,852,807,392,64,70,74,110
1074,809,730,1310,1204,774,1322,2117,678,775,739,583,596,639,577,379,348,334,163,1103,721,532,1256,1009,1872,1762,747,495,517,807,571,536,369,474,431,179,106,26,37,66,55,87,51,272,321,298,353,289,270,170,231,189,248,176,74,65,44,118,69,176,122,458,385,446,413,222,342,164,274,185,136,601,520,422,193,954,620,224,440,330,310,485,59,8,199,243,230,90,70,549,489,334,211,605,925,614,305,437,632,756,681,369,84,60,49,121
982,706,659,1250,1202,733,1248,1954,586,736,656,514,488,540,546,331,313,273,141,1006,679,477,1267,911,1764,1715,679,387,514,776,508,475,338,426,357,146,84,11,38,69,43,85,37,285,274,273,280,292,301,157,195,195,224,159,65,61,68,102,62,137,113,440,387,444,391,232,340,181,264,143,99,610,456,417,164,856,561,176,399,288,267,446,67,5,152,236,213,87,66,508,461,289,205,588,832,517,286,420,569,668,662,312,64,61,59,83
964,667,634,1219,1089,703,1078,1884,553,666,634,463,445,508,465,319,292,294,148,957,597,436,1113,896,1638,1546,641,358,420,706,492,513,287,412,343,154,86,13,27,73,43,73,44,296,290,260,271,258,270,174,199,154,199,146,62,45,42,105,46,152,92,438,341,391,339,200,314,145,254,156,110,536,417,387,150,865,500,167,320,285,276,420,62,10,153,222,206,95,58,473,402,254,221,522,812,534,268,363,504,574,611,304,58,54,42,76
875,618,563,1065,1042,611,1019,1792,480,612,568,430,382,510,460,292,262,230,125,898,621,415,1104,801,1498,1504,582,328,418,691,464,420,278,345,341,145,66,17,30,52,44,80,40,259,259,242,253,224,257,170,181,171,213,143,58,41,48,101,55,136,86,370,333,360,357,172,292,135,248,147,93,522,341,315,135,742,467,145,305,250,253,352,55,4,149,196,164,84,51,408,408,234,195,476,745,518,242,377,452,607,576,296,63,36,41,80
817,625,576,1051,950,573,989,1738,462,584,536,357,389,397,362,287,257,215,134,794,585,337,1134,739,1369,1454,538,337,405,598,401,393,234,293,336,139,51,12,27,38,23,57,35,225,226,239,263,199,239,144,159,165,183,128,56,47,40,74,43,136,88,401,319,349,316,156,241,135,182,126,74,533,345,317,137,748,475,164,291,200,237,351,50,4,135,176,202,86,42,357,352,221,141,441,703,494,225,335,429,544,524,265,50,43,30,71
758,568,584,946,953,640,939,1669,417,532,455,343,337,398,376,252,226,194,98,827,505,326,1096,727,1346,1361,508,348,369,549,399,349,191,268,295,122,55,12,13,35,27,50,27,221,260,225,225,173,185,130,154,131,186,139,49,35,42,64,30,136,79,347,315,317,289,150,250,137,199,122,72,438,303,270,119,694,418,131,250,220,218,331,61,7,119,152,137,75,42,336,342,184,129,392,654,415,207,332,365,473,478,217,47,29,36,81
693,491,484,861,884,543,887,1527,427,522,449,345,282,373,329,228,202,197,99,744,454,286,1039,655,1145,1266,437,311,354,533,387,308,199,243,285,99,51,18,23,51,16,53,24,210,228,208,207,163,222,121,149,127,182,106,53,36,47,69,45,91,75,298,306,263,293,150,220,119,186,128,79,444,286,229,107,636,382,142,227,190,182,283,51,7,97,141,144,89,39,344,312,158,115,410,579,414,171,266,343,441,434,225,34,17,20,76
637,526,468,819,803,487,826,1482,357,427,398,277,273,305,329,208,190,188,79,734,401,272,939,592,1143,1226,459,271,339,457,346,318,171,221,247,90,37,17,28,28,14,50,30,188,205,201,184,141,189,109,134,118,162,112,55,26,19,66,26,106,52,276,244,259,236,156,211,116,137,121,55,422,279,217,102,591,376,118,213,154,165,263,33,0,103,132,137,88,31,266,295,159,107,350,538,363,183,256,268,416,384,194,42,34,26,69
614,466,449,747,746,412,801,1353,355,447,400,266,260,263,282,194,184,167,78,666,458,253,908,569,1084,1116,407,227,273,448,294,265,179,202,242,82,35,16,26,26,26,42,29,179,225,200,192,127,171,94,94,110,151,102,54,19,26,57,28,97,58,274,249,260,245,123,220,107,158,86,56,377,217,183,74,559,329,139,202,145,165,234,39,3,80,104,114,64,32,310,211,156,86,332,484,329,159,236,312,396,395,153,49,31,35,42
571,400,354,715,775,410,671,1316,326,394,331,236,232,257,280,165,194,173,63,612,375,260,861,561,1045,1081,365,256,280,399,271,248,159,202,184,77,34,12,22,15,15,36,31,166,171,157,183,88,140,67,114,94,125,88,48,31,30,49,30,114,61,243,253,243,225,112,178,89,122,97,60,339,191,187,82,460,307,112,166,149,156,226,40,1,85,123,132,51,31,266,203,143,88,303,454,333,175,256,239,335,378,172,41,14,27,45
530,409,383,703,690,387,705,1179,316,386,307,216,231,247,266,148,160,170,87,546,349,250,801,471,938,910,351,254,283,386,254,245,143,180,186,68,31,8,10,21,16,32,27,172,167,165,172,93,158,68,103,106,116,81,34,19,36,44,21,102,70,235,237,226,214,116,157,92,111,78,46,335,190,181,86,453,264,89,168,150,128,236,27,2,73,102,105,69,25,242,197,110,115,242,436,292,132,216,212,313,324,161,39,21,24,54
516,388,329,658,635,363,609,1118,251,365,264,196,213,205,246,150,159,132,70,603,381,218,743,433,872,859,334,195,221,360,254,242,155,146,188,54,26,5,13,15,10,35,26,144,163,158,159,91,160,59,79,82,99,72,33,19,16,31,25,95,45,195,191,218,185,92,152,78,132,61,45,342,198,164,63,460,251,84,123,86,130,193,25,1,76,92,131,47,33,245,199,113,81,252,400,235,117,229,221,286,294,136,32,13,22,39
498,335,325,562,579,355,619,1064,227,327,238,164,205,167,234,130,143,139,68,486,330,210,710,412,805,790,324,187,200,352,202,187,124,155,193,59,19,10,8,18,13,21,24,153,158,145,126,72,156,56,86,84,130,85,43,26,20,53,25,71,54,190,197,194,179,100,169,69,114,76,45,290,146,151,51,406,241,83,110,89,119,181,23,2,70,80,100,47,24,200,146,114,79,239,344,235,117,231,199,269,298,146,34,21,19,36
435,365,268,593,569,310,576,1027,217,289,231,149,154,165,221,98,113,109,57,444,355,196,657,379,772,780,272,182,209,268,193,168,119,125,157,61,31,9,10,14,17,25,13,137,135,147,141,84,157,57,71,95,120,63,43,16,17,39,10,72,30,183,179,181,181,92,142,83,92,70,41,311,127,160,45,343,211,83,124,81,127,155,28,0,57,79,87,56,21,184,150,101,63,231,329,216,107,221,145,233,269,112,29,12,16,49
403,302,262,530,507,282,493,922,186,257,198,160,168,153,189,93,107,121,61,466,282,184,620,370,698,739,253,182,195,268,165,174,109,125,166,55,27,6,13,13,18,19,17,113,116,109,112,67,135,50,79,77,94,68,31,14,18,28,20,81,39,165,160,184,174,97,148,64,98,56,42,265,133,128,40,338,187,85,102,67,104,181,24,1,48,63,86,54,21,161,121,96,51,220,278,178,121,178,162,266,225,112,34,7,13,42
370,289,239,459,480,242,466,895,173,238,163,162,131,128,179,81,93,138,45,408,237,188,569,342,635,644,236,159,148,260,147,159,102,124,129,43,17,5,19,8,17,18,16,116,128,117,103,52,125,50,72,94,87,72,30,12,10,31,22,70,29,144,163,208,150,119,123,74,92,53,34,256,120,130,38,291,173,51,101,69,103,161,20,1,44,52,77,35,20,183,102,81,47,179,267,188,92,147,150,198,221,109,24,12,17,48
311,278,240,443,451,277,431,841,157,214,158,132,124,116,156,77,87,104,40,397,227,156,540,320,567,652,223,162,160,234,130,173,84,101,123,41,21,7,9,8,7,21,17,114,99,112,89,57,111,46,48,70,88,69,30,10,15,24,8,58,37,122,181,158,144,89,119,43,97,56,38,254,104,105,32,277,177,59,99,64,87,146,24,1,39,58,56,19,14,165,118,83,45,192,241,163,81,170,124,191,185,92,18,13,12,20
283,269,224,429,380,213,383,772,127,214,143,121,127,97,162,75,69,109,35,368,243,162,499,322,594,568,198,145,143,199,135,162,71,122,105,31,15,7,6,10,8,18,17,107,108,90,95,42,108,31,54,70,103,64,32,4,10,31,13,60,33,145,138,155,138,86,115,46,71,50,33,229,101,99,32,259,119,55,90,53,78,135,14,2,34,49,58,34,11,164,99,80,42,150,234,158,80,159,102,173,184,80,31,13,14,33
321,250,192,379,432,217,375,746,155,157,143,119,134,72,139,54,65,73,25,361,211,136,430,306,513,559,208,114,117,188,125,159,91,91,100,25,21,11,9,6,11,24,11,113,94,95,75,42,70,39,47,59,84,51,28,6,12,21,10,57,27,134,133,175,129,77,105,57,73,47,24,207,104,81,35,255,122,47,94,41,80,118,16,0,32,32,63,22,17,135,116,64,54,143,209,136,64,154,112,166,159,74,22,10,11,30
280,220,179,364,342,185,326,693,103,125,148,99,115,67,155,53,68,83,28,333,200,122,397,243,478,482,152,117,114,180,117,119,56,77,83,25,9,8,5,5,5,17,12,90,87,82,76,51,87,41,50,47,75,55,22,9,15,19,12,49,34,102,124,146,97,88,102,40,64,41,36,194,72,74,21,209,143,52,69,45,74,143,20,0,35,52,52,33,19,126,68,55,29,142,209,123,73,126,86,133,151,57,18,13,14,21
268,193,144,373,341,166,272,642,113,122,111,94,114,65,128,40,39,59,24,309,183,116,407,220,444,475,151,128,108,172,96,116,83,75,82,31,7,7,4,7,3,14,10,93,84,69,58,39,95,38,44,42,78,50,21,9,13,22,8,51,22,93,120,107,131,79,121,34,59,44,22,180,84,63,20,208,110,52,79,33,70,107,8,0,30,38,56,24,12,124,89,63,28,131,190,103,65,131,75,130,143,58,22,9,10,17
264,174,157,302,316,153,270,598,117,120,111,70,106,63,122,44,41,76,20,290,194,125,371,217,397,461,144,89,88,136,94,120,82,68,72,20,9,6,4,9,10,9,13,65,66,71,73,42,77,27,36,50,80,44,31,4,5,17,8,49,16,87,125,119,114,77,88,42,50,37,23,186,87,69,17,177,110,42,71,39,71,91,9,0,38,42,45,21,11,117,64,56,24,99,155,106,53,123,58,119,125,63,14,11,12,30
226,176,136,320,292,159,231,566,91,114,92,64,98,63,97,40,31,71,28,241,168,90,329,192,371,434,123,90,70,130,76,119,57,68,67,14,18,3,1,6,5,14,10,76,67,59,57,33,65,22,35,56,80,46,20,5,8,19,7,51,22,80,100,107,102,51,82,27,54,34,25,165,74,68,25,155,90,40,59,30,43,104,10,0,33,30,33,14,11,107,78,43,24,112,127,103,46,115,60,91,125,57,19,5,14,22
188,161,128,260,260,146,212,518,76,83,95,50,72,52,112,28,40,74,11,243,173,95,326,209,327,433,132,81,66,111,56,108,38,54,82,17,11,3,5,4,5,9,10,58,58,66,51,35,68,28,26,42,71,41,14,7,3,23,11,33,12,73,96,113,87,61,85,39,38,37,27,139,71,53,16,148,96,29,80,25,52,78,6,0,18,46,30,15,19,87,54,48,23,113,120,90,47,90,52,108,109,51,15,5,12,24
185,131,126,237,228,148,177,519,82,85,70,38,77,43,88,35,26,56,13,237,122,99,310,166,285,375,115,103,61,99,70,92,72,59,69,18,8,6,4,4,5,12,5,33,56,56,45,26,63,17,29,44,73,29,8,2,8,14,6,34,19,76,81,85,97,58,79,24,53,32,27,122,76,50,21,155,84,37,71,17,45,87,8,0,20,36,36,11,16,84,45,43,25,97,105,77,40,104,54,90,101,42,12,6,11,22
181,112,117,232,222,120,175,417,71,91,70,48,84,39,90,13,22,61,16,184,125,80,322,188,274,394,81,85,64,95,65,92,47,36,45,13,6,3,5,3,3,5,5,46,59,36,40,27,72,16,21,30,69,38,16,3,4,19,5,29,16,68,99,87,87,45,73,32,47,30,18,147,62,54,13,106,78,34,59,16,46,93,5,0,21,32,29,6,13,84,49,37,12,82,104,83,66,107,48,82,85,47,11,4,9,11
167,124,97,219,215,116,172,404,62,76,45,30,72,43,79,16,17,63,15,173,120,68,267,136,278,366,96,81,54,68,48,80,42,33,52,11,8,3,1,0,3,8,9,36,57,46,51,26,55,20,18,41,54,33,10,1,10,14,6,40,10,60,67,83,81,49,68,28,31,26,28,112,54,37,21,122,61,27,56,14,36,74,7,0,23,34,24,10,10,87,55,34,8,74,76,67,45,81,41,69,80,45,12,6,6,29
157,118,97,179,167,94,146,374,65,50,50,27,55,40,60,19,20,50,17,194,111,69,254,125,258,293,82,73,47,86,47,98,49,36,42,6,4,5,1,1,4,11,4,40,57,37,40,15,58,8,24,33,54,29,16,2,4,7,5,23,6,69,77,70,65,35,68,20,24,21,14,117,44,33,18,110,50,22,44,13,37,71,4,0,23,30,24,5,6,83,32,37,12,65,73,60,45,57,44,67,85,41,9,4,4,17
143,91,78,201,171,92,156,358,54,60,47,27,53,42,61,21,9,48,12,177,100,72,258,137,210,292,82,74,43,74,54,79,30,34,41,7,10,3,2,4,2,9,12,32,39,37,37,20,54,7,23,33,57,28,11,3,6,9,3,24,5,61,59,62,71,34,43,26,42,26,14,103,45,46,24,77,39,23,60,11,44,47,6,0,11,31,32,10,17,73,40,21,9,50,61,52,30,52,29,61,86,35,11,4,6,20
141,89,69,183,146,87,117,330,47,70,53,22,52,22,57,21,19,41,6,147,107,79,213,108,213,270,81,52,29,68,47,58,34,28,35,11,4,1,4,1,3,9,2,27,41,30,34,21,38,14,13,23,52,25,14,1,2,12,6,19,7,50,75,56,71,31,47,14,31,11,17,102,55,34,10,92,37,22,43,10,39,77,8,0,18,31,20,7,10,55,38,25,19,60,63,56,28,57,33,57,69,28,10,6,6,19
143,70,64,149,149,73,105,302,38,66,53,21,40,22,53,14,15,32,14,145,93,50,206,110,199,248,57,68,32,64,45,61,32,25,33,10,3,1,3,0,2,6,6,38,43,37,28,16,37,13,13,21,47,20,14,1,4,10,5,18,13,40,70,54,52,31,44,17,28,16,13,95,35,42,6,75,32,24,38,8,28,71,4,0,19,26,26,4,12,52,31,20,6,58,69,54,24,59,24,48,61,31,2,2,7,12
129,74,62,174,134,53,93,321,26,42,48,26,40,22,52,16,11,50,11,131,86,64,202,90,197,215,50,58,29,51,39,52,23,20,35,8,8,1,3,0,1,6,5,29,45,14,28,19,40,9,19,27,31,31,9,1,4,9,4,9,5,64,54,54,64,34,42,15,29,18,21,90,53,32,11,66,43,18,38,9,29,48,3,0,9,19,25,4,6,44,26,15,5,48,62,55,18,59,25,49,67,36,5,3,7,9
106,83,58,141,115,57,86,291,32,37,37,22,24,19,44,11,17,40,8,116,88,67,174,94,169,211,51,54,24,48,26,51,21,20,31,7,4,1,3,0,2,3,5,27,31,28,31,20,39,7,12,21,34,24,10,1,2,5,1,14,2,52,51,39,50,32,44,22,34,19,9,86,45,27,8,77,30,16,51,5,32,51,3,0,9,19,31,2,8,49,24,8,17,46,45,38,26,32,19,54,67,34,6,2,4,11
108,63,61,138,104,55,81,274,17,35,40,12,26,25,41,12,9,35,10,127,79,58,176,84,164,192,51,41,30,42,28,45,28,20,27,8,8,0,4,0,1,7,5,30,40,26,27,14,35,11,14,29,44,26,8,0,3,8,1,13,6,42,43,41,37,35,41,13,23,12,9,79,39,29,6,69,41,18,49,3,31,46,2,0,7,19,22,4,6,47,31,18,9,32,53,35,23,42,20,37,53,25,8,6,3,12
74,52,45,108,97,47,71,254,21,42,24,12,38,14,37,13,6,37,7,114,66,44,164,73,149,182,35,56,25,45,27,46,21,13,27,6,5,0,2,0,1,2,5,25,21,26,25,13,46,5,8,17,40,21,15,2,1,9,3,3,5,45,56,43,42,23,46,13,22,12,16,66,38,26,4,63,31,22,38,7,17,44,1,0,12,17,13,4,8,26,17,10,7,36,55,33,17,41,12,42,45,27,7,3,6,14
79,55,46,112,84,42,80,255,17,43,26,10,16,17,22,7,5,28,4,102,68,47,148,83,150,165,38,42,18,48,23,43,18,15,18,6,6,0,0,0,3,4,5,16,36,23,19,9,39,4,8,19,31,22,3,0,3,1,4,10,5,37,38,41,53,34,35,8,21,10,14,61,24,22,2,60,27,12,30,7,25,35,3,0,14,13,7,1,7,29,23,7,14,35,45,38,22,35,18,40,36,18,4,1,5,3
77,46,40,103,80,39,64,236,15,35,26,11,33,10,29,8,2,34,5,94,62,36,144,65,104,118,49,41,17,34,18,31,19,19,17,9,3,1,0,0,1,7,3,16,33,20,18,15,26,6,14,14,23,11,8,0,1,6,4,5,8,38,43,37,40,16,28,14,14,18,7,53,36,17,11,54,29,9,30,2,12,44,4,0,10,11,16,1,4,31,11,8,11,29,53,24,23,33,15,26,43,25,5,6,6,6
64,47,41,93,72,37,52,210,15,33,26,5,25,7,26,7,2,24,7,85,56,49,137,62,128,142,39,39,16,36,4,33,16,15,17,3,5,0,2,0,0,4,4,22,26,13,18,11,22,3,11,10,32,17,12,0,2,7,2,4,7,20,36,29,47,15,33,14,11,15,12,60,27,15,2,56,27,8,27,3,20,45,3,0,7,10,10,1,4,35,19,8,3,17,19,25,18,36,11,30,40,18,6,5,5,9
77,29,35,86,76,35,55,198,12,31,15,11,17,14,37,8,0,24,7,89,53,28,150,54,123,96,36,40,10,39,12,35,15,9,14,3,2,0,0,0,1,4,3,13,17,20,17,4,39,4,11,13,34,11,6,4,5,3,3,2,6,30,26,23,48,23,20,6,13,9,9,41,18,23,4,49,35,8,31,1,14,33,2,0,14,8,7,1,2,31,15,7,6,25,32,36,20,22,8,34,41,16,5,1,5,9
56,41,27,100,52,27,58,189,12,24,17,12,20,11,22,4,2,36,3,74,57,34,124,46,100,119,28,20,19,25,9,31,15,14,9,3,5,0,3,0,0,4,3,14,28,13,12,10,21,4,6,16,23,14,3,0,0,4,3,4,4,24,39,18,39,23,30,7,10,8,7,57,24,20,5,50,21,12,18,0,15,33,2,0,6,3,10,0,4,26,11,8,4,27,33,30,10,29,15,23,42,14,4,3,4,8
60,28,25,80,58,36,51,181,5,24,16,8,10,7,27,8,2,26,2,71,40,33,107,40,109,109,24,31,12,13,10,27,11,11,16,6,2,0,3,0,0,2,3,16,27,15,14,8,22,7,6,6,22,15,12,1,2,2,1,2,3,31,26,26,37,21,41,5,17,6,12,34,16,12,3,41,18,16,15,0,11,15,1,0,9,7,7,1,3,22,12,8,2,22,19,22,15,19,9,19,36,21,2,2,3,5
63,33,25,73,52,33,36,166,16,29,11,5,9,15,21,4,1,21,2,63,52,29,89,36,82,101,29,29,7,31,10,31,10,12,10,2,2,0,4,0,0,0,2,11,16,14,21,9,24,3,9,16,19,8,7,1,0,5,1,5,4,22,24,23,48,13,21,3,11,6,4,45,16,15,0,16,14,6,20,1,12,25,4,0,5,9,3,2,5,23,23,4,5,23,32,9,12,28,6,19,30,15,4,1,1,7
61,33,23,72,66,31,36,162,19,28,15,9,7,6,20,9,1,13,1,65,34,28,90,36,98,102,23,15,8,18,7,26,13,13,16,3,2,0,2,0,0,1,3,12,12,15,13,4,24,2,10,3,20,15,13,0,0,4,1,2,2,13,27,14,34,14,18,6,9,6,3,55,8,11,1,37,19,6,18,1,10,23,1,0,8,5,6,1,2,30,7,6,2,12,33,4,21,23,6,28,24,7,3,2,4,8
47,14,22,52,51,22,45,155,12,18,11,7,12,7,20,1,0,14,0,46,37,22,78,33,73,85,16,30,6,15,10,8,12,5,9,2,5,0,2,0,0,2,1,11,13,16,8,3,16,1,9,9,17,12,9,0,3,0,2,1,2,24,19,13,30,15,21,5,4,6,11,42,11,14,1,28,11,5,13,1,13,24,2,0,5,4,7,1,1,29,11,8,5,15,22,13,16,20,6,20,20,7,4,2,0,6
44,12,13,75,50,15,30,123,10,24,16,7,9,6,11,4,0,17,0,56,47,27,80,31,77,81,20,20,10,10,7,18,8,13,9,2,2,0,5,0,0,0,1,3,12,12,11,3,17,1,9,13,29,13,6,0,1,1,3,1,0,25,34,28,37,8,20,10,6,2,8,34,10,11,0,22,15,7,11,0,6,16,5,0,5,6,6,0,0,21,9,6,1,18,12,13,7,18,4,17,28,9,3,0,2,6
41,10,22,54,43,25,26,116,3,22,12,6,3,3,20,4,0,13,0,60,33,14,69,27,50,81,21,21,5,15,4,14,5,9,6,0,1,0,0,0,0,0,2,5,11,12,6,6,11,1,6,6,18,8,6,0,0,2,1,1,1,16,15,16,21,14,13,7,3,3,1,41,11,14,1,32,15,8,13,1,11,16,1,0,8,5,6,0,2,16,11,3,0,16,15,9,6,10,2,14,19,7,6,1,1,8
44,15,13,43,47,23,34,108,8,23,9,4,5,5,12,1,0,14,0,40,18,20,59,32,61,55,16,19,6,8,2,13,8,13,4,2,1,0,1,0,0,0,2,2,16,3,6,1,21,0,9,7,21,11,4,0,0,2,0,0,4,25,22,19,26,11,18,5,5,3,6,32,1,9,1,15,11,5,6,0,9,11,1,0,5,5,1,0,0,21,9,4,0,9,12,12,13,12,6,23,20,4,1,0,0,7
38,8,9,42,44,17,30,88,8,14,9,1,4,7,7,3,0,12,0,43,33,15,61,25,57,65,21,18,4,8,3,19,8,9,8,0,5,0,1,0,0,0,5,5,15,16,14,0,16,1,3,1,15,4,4,0,1,1,4,3,2,21,18,7,21,7,20,7,4,3,7,33,4,8,1,13,10,4,7,0,9,11,2,0,5,8,4,1,2,14,9,10,1,10,21,14,6,14,4,15,19,3,2,1,0,3
41,11,6,41,37,6,24,94,10,24,9,4,3,5,4,7,0,8,0,36,34,19,75,20,46,55,12,17,8,11,5,9,8,9,7,0,2,0,0,0,0,0,0,4,11,9,10,2,18,1,4,7,9,5,6,0,0,2,1,1,0,13,11,10,23,11,12,6,6,1,2,28,4,11,1,23,8,9,5,0,5,11,0,0,4,1,0,1,1,11,4,8,0,8,12,10,12,8,1,10,18,2,4,1,1,7
38,15,16,28,34,13,28,65,9,8,8,3,9,2,8,5,0,10,0,35,20,17,61,19,55,60,11,18,4,10,6,13,8,5,6,1,2,0,0,0,0,0,1,2,13,13,5,1,11,2,6,6,10,3,6,0,3,3,4,2,0,11,18,18,20,11,10,10,5,2,3,30,2,8,0,20,5,5,4,1,6,9,0,0,3,9,4,0,0,19,8,6,1,3,15,2,13,9,2,10,14,2,1,2,0,5
27,5,8,39,41,9,25,72,7,10,14,2,3,2,11,6,0,12,0,29,18,13,45,21,39,38,9,12,5,7,4,10,4,8,1,0,1,0,0,0,0,0,1,2,13,8,7,4,22,1,7,4,12,4,2,0,0,0,0,0,0,13,12,25,21,11,14,4,5,1,0,28,2,4,1,13,12,3,3,0,6,4,1,0,5,6,4,0,0,15,6,3,0,3,15,4,7,9,2,11,17,5,3,1,0,11
24,5,9,32,28,9,19,62,3,7,7,3,4,6,14,2,0,4,0,38,16,8,51,21,32,44,14,14,7,12,3,13,0,8,2,0,2,0,0,0,1,0,1,5,7,11,4,0,11,1,8,12,14,3,6,0,0,2,2,3,0,19,13,6,24,8,13,2,2,1,3,19,5,10,0,15,10,5,9,1,5,6,2,0,2,2,0,0,0,16,5,2,0,4,11,3,7,5,5,13,10,1,0,1,0,4
21,5,7,34,29,8,29,59,1,14,7,2,2,1,9,4,0,6,0,30,14,7,58,18,41,28,14,12,4,6,1,8,1,1,1,0,0,0,0,0,0,0,0,2,5,7,5,0,10,1,5,7,13,3,2,1,0,0,1,1,0,8,11,2,25,6,7,4,5,3,2,15,3,4,1,22,8,1,2,1,2,5,1,0,6,3,2,1,0,11,4,2,0,1,12,4,8,6,4,9,6,5,2,0,0,9
23,7,9,32,38,8,25,56,3,6,6,2,1,5,9,0,0,7,0,31,13,12,46,21,23,40,8,11,3,6,1,10,4,2,2,0,2,0,0,0,0,0,4,6,6,7,3,3,6,0,4,5,10,3,1,1,0,0,3,0,0,12,16,15,24,4,12,6,3,0,1,12,0,3,0,12,12,4,3,0,10,3,2,0,2,5,2,2,0,11,4,3,0,2,10,2,5,2,1,6,4,4,4,1,0,1
21,2,10,27,33,12,24,49,2,8,4,0,1,1,10,2,0,6,0,27,13,11,33,14,26,36,9,4,2,14,1,11,7,5,0,0,0,0,0,0,0,0,0,6,14,4,5,0,10,1,3,8,11,1,2,1,0,0,2,0,0,9,10,4,22,2,10,2,1,5,3,18,3,3,0,16,5,4,4,0,6,2,0,0,4,7,1,0,0,9,7,2,0,2,7,1,1,5,0,11,9,4,0,0,0,4
20,5,7,29,34,5,12,41,1,11,10,2,0,5,3,1,0,7,0,23,7,5,46,10,35,32,11,5,3,0,1,5,6,2,0,0,0,0,0,0,0,0,2,0,7,6,6,0,5,0,1,5,8,7,1,1,0,0,1,0,0,8,12,10,16,9,11,3,1,1,0,18,2,4,1,16,5,2,2,0,4,4,2,0,2,6,2,0,0,12,5,0,0,4,5,0,7,9,0,5,9,3,2,0,0,0
20,4,7,28,21,2,12,35,4,9,5,1,1,0,6,0,0,3,0,9,9,8,30,9,19,32,2,10,5,8,0,5,5,5,1,0,1,0,0,0,0,0,0,0,7,3,3,0,6,0,4,3,9,6,2,0,1,0,1,0,0,8,12,9,16,6,5,5,0,1,2,17,0,6,0,15,7,3,3,0,3,2,1,0,2,3,3,1,0,6,2,1,0,3,4,2,5,4,1,4,6,2,2,1,0,3
13,1,7,18,35,2,10,36,0,9,3,0,1,0,7,0,0,2,0,28,8,14,35,12,24,34,11,7,3,1,0,8,1,0,0,0,0,0,0,0,0,0,2,1,4,8,3,1,8,0,3,6,6,3,4,0,0,0,0,1,0,4,7,13,15,5,2,3,2,1,1,16,1,3,0,5,4,4,1,0,5,1,2,0,1,1,3,1,0,7,1,1,0,1,8,2,4,1,4,4,5,1,3,1,0,3
15,1,8,24,20,3,6,38,0,3,6,4,3,1,5,0,0,3,0,19,15,8,36,8,25,30,7,9,2,6,1,5,5,3,1,0,1,0,0,0,0,0,0,2,9,5,1,0,2,0,5,6,8,3,0,0,0,1,3,0,0,6,10,7,14,10,4,1,1,1,1,10,3,2,0,11,5,2,4,0,3,2,0,0,1,2,2,0,0,8,5,1,0,0,8,4,7,6,0,5,6,0,2,0,0,2
9,0,11,23,29,7,6,35,0,7,8,1,0,0,3,0,0,3,0,18,13,13,28,5,20,27,4,7,2,5,1,6,1,2,0,0,0,0,0,0,0,0,0,2,5,1,1,4,4,2,2,7,5,2,1,0,0,0,1,1,0,5,8,4,20,3,5,2,2,1,0,16,1,4,0,11,7,5,2,0,1,2,0,0,1,0,0,0,0,7,4,0,0,3,5,2,6,7,2,2,6,0,0,0,0,4
15,3,7,15,15,5,9,24,0,9,1,0,3,3,8,0,0,1,0,18,3,2,35,2,9,24,8,8,0,8,1,5,1,9,0,0,1,0,0,0,0,0,0,1,2,7,0,1,2,0,5,4,5,2,2,0,0,0,1,0,0,4,12,8,10,8,3,1,2,1,0,14,0,6,0,8,4,2,0,0,2,3,0,0,1,1,2,0,0,5,2,0,0,1,5,1,5,1,0,3,11,1,0,0,0,2
13,1,9,7,15,5,14,16,0,9,4,2,0,0,4,0,0,2,0,18,6,7,32,5,12,23,1,7,0,1,3,5,1,2,0,0,1,0,0,0,0,0,0,3,2,6,3,0,4,2,2,2,3,2,2,0,0,0,2,0,0,4,4,4,14,5,7,2,4,1,0,14,0,2,0,8,3,1,2,0,0,2,1,0,2,2,3,0,0,3,5,2,0,0,5,1,3,1,1,0,1,2,4,1,0,0
8,1,4,11,17,4,11,17,0,4,4,3,0,1,4,0,0,0,0,12,5,3,22,0,17,14,4,5,0,4,3,3,0,2,0,0,0,0,0,0,0,0,5,1,8,5,2,0,2,1,5,4,0,1,1,0,0,0,0,0,0,2,5,3,12,7,5,2,3,0,2,14,2,3,0,9,5,1,6,0,2,0,3,0,4,2,0,0,0,1,2,0,0,0,3,3,4,1,1,0,2,3,2,2,0,1
12,1,5,7,13,6,12,19,1,4,1,0,0,0,3,0,0,4,0,7,3,5,18,4,11,16,2,10,2,3,0,2,0,4,0,0,0,0,0,0,0,0,1,2,5,3,2,1,2,0,0,2,10,1,1,0,0,0,3,1,0,2,5,4,17,3,4,6,0,1,0,14,1,1,0,4,5,4,1,0,1,0,0,0,3,2,1,0,0,2,2,1,0,1,0,0,3,0,2,0,1,1,1,0,0,1
16,1,6,13,15,5,7,19,1,3,1,2,1,0,1,0,0,4,0,11,4,1,24,2,14,14,7,4,1,0,1,7,0,3,0,0,0,0,0,0,0,0,0,3,4,3,2,0,0,0,5,5,7,2,2,0,0,0,1,1,0,2,4,3,8,5,6,3,3,0,1,6,0,4,1,8,3,0,1,0,0,1,2,0,1,0,0,0,0,5,2,0,0,0,4,1,2,0,3,0,3,0,0,1,0,0
8,1,2,10,12,4,10,16,0,2,2,1,1,0,7,0,0,0,0,14,3,5,27,2,8,14,4,4,1,0,1,5,0,4,0,0,1,0,0,0,0,0,0,1,3,2,2,0,1,0,5,7,3,1,2,0,0,0,0,0,0,3,4,2,6,3,5,0,2,0,0,14,2,1,0,5,4,1,0,0,1,0,1,0,1,0,0,0,0,2,2,2,0,0,4,0,2,2,0,0,1,0,3,0,0,2
6,1,3,5,13,0,7,25,1,3,5,0,0,0,0,0,0,3,0,5,3,2,12,6,7,10,4,10,0,2,0,0,1,2,0,0,1,0,0,0,0,0,0,0,2,6,2,0,1,1,1,5,2,3,2,0,0,0,1,1,0,2,5,3,12,7,2,0,2,0,0,8,0,5,0,7,0,0,2,0,0,0,0,0,0,0,1,0,0,4,6,0,0,1,0,0,2,1,0,0,4,0,2,0,0,0
3,0,0,5,14,3,8,17,0,1,0,1,0,0,4,0,0,1,0,7,7,6,21,1,9,14,0,3,0,3,0,1,0,1,0,0,0,0,0,0,0,0,0,1,2,5,1,0,0,0,3,2,2,2,1,0,0,0,0,0,0,2,2,5,5,5,1,3,1,1,0,6,0,5,0,6,1,2,2,0,2,0,0,0,0,0,1,0,0,0,2,2,0,0,1,0,4,1,0,0,3,0,0,0,0,0
8,1,0,12,9,0,12,6,0,2,2,1,0,0,3,0,0,0,0,9,2,3,15,1,5,10,4,4,0,2,0,1,0,2,0,0,0,0,0,0,0,0,0,2,1,7,2,0,0,0,1,3,7,0,0,0,0,0,0,0,0,1,6,3,10,3,6,2,2,0,1,7,1,3,0,6,3,1,0,0,0,0,0,0,0,0,0,0,0,1,1,2,0,1,2,0,1,2,0,0,4,0,1,0,0,0
4,0,2,4,11,2,9,10,1,1,0,2,1,0,2,0,0,0,0,8,4,4,20,1,5,9,4,2,0,4,2,2,0,0,0,0,1,0,0,0,0,0,0,0,4,6,0,0,1,0,2,0,2,1,0,0,0,0,0,0,0,1,4,6,5,3,1,1,6,0,0,8,0,2,0,5,2,0,0,0,0,0,0,0,0,1,2,0,0,1,1,0,0,0,4,0,3,0,0,1,2,1,0,1,0,0
8,1,1,5,9,0,6,10,0,2,0,3,0,0,1,0,0,0,0,6,1,2,19,1,6,11,1,5,0,4,0,5,0,2,0,0,0,0,0,0,0,0,0,3,1,3,0,0,0,0,2,3,3,1,0,0,0,0,0,0,0,0,2,1,9,2,1,2,0,0,0,9,0,1,0,4,3,0,1,0,1,0,1,0,0,0,0,0,0,0,0,0,0,0,0,0,1,0,0,2,2,0,0,0,0,0
13,1,0,5,5,1,8,10,1,1,1,0,0,0,1,0,0,0,0,9,0,4,24,2,10,10,1,5,0,3,0,0,0,2,0,0,0,0,0,0,0,0,0,0,2,3,4,0,0,1,2,3,7,3,0,0,0,0,0,0,0,0,6,2,7,3,5,2,1,1,0,11,0,3,0,3,3,3,1,0,0,0,0,0,1,0,0,0,0,2,3,1,0,0,0,0,2,1,1,0,4,0,1,0,0,0
7,0,1,3,8,0,2,12,0,1,1,2,0,0,0,0,0,0,0,7,2,5,14,0,4,12,7,6,0,2,0,0,0,2,0,0,0,0,0,0,0,0,0,0,2,3,2,0,1,1,1,1,5,0,0,0,0,0,0,0,0,1,0,2,7,3,4,0,1,0,1,3,1,2,0,5,1,0,1,0,1,1,0,0,0,0,1,0,0,0,8,0,0,0,4,0,3,1,0,1,3,0,0,0,0,0
7,2,2,4,4,0,4,9,1,3,1,0,0,0,2,0,0,0,0,6,5,2,17,0,7,6,2,5,0,1,1,1,0,0,0,0,0,0,0,0,0,0,0,2,2,1,1,0,1,0,3,2,2,1,0,0,0,0,0,0,0,0,3,0,5,1,1,2,0,0,1,4,2,5,1,4,2,0,1,0,0,0,0,0,0,0,0,0,0,1,4,0,0,0,3,0,2,0,1,0,0,0,1,0,0,1
8,1,0,3,3,0,4,13,0,0,0,1,0,0,0,0,0,0,0,2,0,0,23,0,5,7,2,6,0,1,1,1,0,0,0,0,0,0,0,0,0,0,1,0,2,3,0,0,1,0,3,3,3,0,0,0,0,0,0,0,0,1,4,1,9,2,3,0,1,0,0,5,0,4,0,5,3,2,1,0,0,1,0,0,0,0,0,0,0,0,2,0,0,0,3,0,2,1,0,0,2,0,1,0,0,1
5,0,1,3,10,0,4,8,0,0,0,1,0,0,2,0,0,0,0,3,3,2,20,0,7,3,1,4,0,1,0,0,0,0,0,0,0,0,0,0,0,0,0,0,1,1,0,0,1,0,2,2,1,0,0,0,0,0,0,0,0,0,4,2,10,3,2,1,0,0,1,3,1,4,0,1,2,1,0,0,0,0,1,0,1,0,0,0,0,0,4,0,0,0,2,0,4,1,0,0,2,0,2,0,0,0
8,0,2,4,7,1,3,6,0,0,1,1,0,0,1,0,0,0,0,6,1,1,14,0,2,6,1,1,0,2,0,0,0,0,0,0,0,0,0,0,0,0,0,1,4,3,2,0,2,0,2,4,4,1,0,0,0,0,0,0,0,1,0,0,4,1,3,2,1,0,1,3,0,3,0,6,2,1,1,0,0,0,0,0,0,0,0,0,0,0,2,0,0,0,1,0,1,0,0,0,0,0,2,0,0,1
6,0,1,6,1,1,8,7,0,1,0,1,0,0,1,0,0,0,0,5,4,2,13,0,3,6,0,6,0,0,0,1,0,0,0,0,0,0,0,0,0,0,0,0,0,1,2,0,1,0,1,1,1,0,0,0,0,0,0,0,0,0,1,1,5,0,1,0,3,1,0,3,0,1,0,3,5,1,0,0,0,0,1,0,0,0,0,0,0,0,1,0,0,0,0,0,1,1,0,0,2,0,1,0,0,0
4,0,3,2,1,0,1,5,0,0,0,1,0,0,1,0,0,0,0,4,4,1,11,0,2,2,2,5,0,2,0,0,0,0,0,0,1,0,0,0,0,0,0,1,2,1,2,0,0,0,3,0,3,1,0,0,0,0,0,0,0,0,0,2,2,3,1,0,1,0,1,5,0,1,0,2,1,0,0,0,0,1,1,0,1,0,0,0,0,0,0,0,0,0,3,0,0,0,0,0,0,0,0,0,0,1
2,0,1,1,5,0,3,8,0,0,2,0,0,0,0,0,0,0,0,5,2,2,9,0,1,4,6,2,0,0,0,2,0,0,0,0,0,0,0,0,0,0,0,0,3,3,0,0,0,0,0,1,1,0,0,0,0,0,0,0,0,0,1,1,2,1,1,0,2,0,0,3,0,1,0,3,0,0,1,0,0,0,0,0,0,0,0,0,0,0,1,0,0,0,2,0,0,0,0,0,3,1,0,0,0,0
5,0,0,1,8,0,4,3,1,1,2,1,0,0,0,0,0,0,0,4,3,0,14,0,3,4,4,4,0,1,0,0,0,0,0,0,0,0,0,0,0,0,0,0,2,1,2,0,0,0,2,2,0,2,0,0,0,0,0,0,0,1,0,1,2,2,2,0,2,0,0,4,0,2,0,3,1,0,1,0,0,0,0,0,0,0,0,0,0,0,0,1,0,0,2,0,0,0,0,0,1,3,0,0,0,0
1,0,0,3,4,0,2,4,0,0,0,0,0,0,0,0,0,0,0,2,3,2,11,1,5,3,1,2,0,0,0,1,0,0,0,0,1,0,0,0,0,0,0,0,0,0,0,0,1,0,2,3,0,0,0,0,0,0,0,0,0,0,4,1,3,0,3,0,0,0,2,4,0,0,0,6,1,1,0,0,0,0,0,0,0,0,0,0,0,0,0,0,0,0,2,0,1,0,0,0,3,0,0,0,0,0
3,0,1,3,1,0,0,4,0,0,0,1,0,0,0,0,0,0,0,5,0,0,15,0,4,1,1,7,0,0,0,1,0,0,0,0,0,0,0,0,0,0,0,0,0,1,0,0,0,0,3,1,1,0,0,0,0,0,0,0,0,0,2,1,8,2,1,0,0,0,0,1,0,4,0,2,1,0,2,0,0,0,0,0,0,0,0,0,0,0,0,0,0,0,1,0,0,0,0,0,0,0,0,0,0,0
0,0,1,3,3,0,3,5,0,1,0,1,0,0,0,0,0,0,0,2,3,1,7,0,5,2,3,4,0,1,0,0,0,0,0,0,0,0,0,0,0,0,0,0,3,0,0,0,0,0,4,1,1,0,0,0,0,0,0,0,0,0,1,0,1,1,0,1,2,0,0,1,0,1,0,0,0,0,0,0,0,0,1,0,0,0,0,0,0,0,0,0,0,0,0,0,0,0,0,0,0,0,0,0,0,0
4,0,0,1,4,0,2,4,0,0,0,0,0,0,0,0,0,0,0,1,2,1,3,0,7,1,2,1,0,0,0,0,0,0,0,0,0,0,0,0,0,0,0,0,0,6,0,0,0,0,0,1,0,0,0,0,0,0,0,0,0,0,0,1,3,1,0,0,1,0,1,0,0,2,0,4,0,0,0,0,0,0,1,0,0,0,0,0,0,0,0,0,0,0,1,0,0,0,0,0,0,0,1,0,0,0
0,0,0,0,2,0,3,0,0,0,1,0,0,0,0,0,0,0,0,2,2,0,10,0,3,1,3,2,0,0,0,0,0,0,0,0,0,0,0,0,0,0,0,0,0,1,3,0,0,0,0,1,0,0,0,0,0,0,0,0,0,0,1,0,3,0,0,0,1,0,0,0,0,2,0,3,0,0,2,0,0,0,0,0,0,0,0,0,0,0,0,1,0,0,0,0,0,0,0,0,1,0,2,0,0,0
0,0,0,2,3,0,4,5,0,1,1,0,0,0,0,0,0,0,0,2,3,1,10,0,5,1,0,1,0,1,0,2,0,0,0,0,0,0,0,0,0,0,0,0,4,3,0,0,0,0,1,3,0,0,0,0,0,0,0,0,0,0,3,0,6,0,2,0,0,0,0,0,0,3,0,2,0,0,1,0,0,1,0,0,0,0,0,0,0,0,1,0,0,0,0,0,1,0,0,0,3,0,0,0,0,0
1,0,0,3,3,0,3,1,0,0,0,1,0,0,0,0,0,0,0,1,1,0,9,0,3,1,1,8,0,0,0,0,0,0,0,0,0,0,0,0,0,0,0,0,1,0,1,0,0,0,3,1,0,0,0,0,0,0,0,0,0,0,1,1,0,0,2,0,0,0,0,0,0,1,0,1,0,0,0,0,0,0,1,0,0,0,0,0,0,0,0,1,0,0,0,0,0,1,0,0,1,0,0,0,0,0
4,0,0,2,2,0,1,2,0,0,1,2,0,0,0,0,0,0,0,4,5,2,7,0,2,4,1,4,0,0,0,1,0,0,0,0,0,0,0,0,0,0,0,0,0,1,0,0,1,0,0,1,0,0,0,0,0,0,0,0,0,0,2,0,0,1,1,0,1,0,0,0,0,1,0,2,0,0,0,0,0,0,0,0,0,0,0,0,0,0,1,0,0,0,1,0,0,0,0,0,1,0,2,0,0,0
1,0,0,2,0,0,2,1,0,0,0,1,0,0,0,0,0,0,0,2,3,2,3,0,3,1,1,0,0,0,0,0,0,0,0,0,0,0,0,0,0,0,0,0,3,2,0,0,0,0,1,0,0,0,0,0,0,0,0,0,0,0,1,0,0,1,4,0,0,1,0,1,0,0,0,1,0,0,0,0,0,0,0,0,0,0,0,0,0,0,0,0,0,0,1,0,0,0,0,0,1,0,0,0,0,0
0,0,0,1,1,0,2,1,0,0,0,2,0,0,0,0,0,0,0,4,1,0,5,0,2,0,1,3,0,0,0,0,0,0,0,0,0,0,0,0,0,0,0,0,0,0,1,0,0,0,1,0,0,0,0,0,0,0,0,0,0,0,1,1,5,0,2,1,0,0,0,0,0,1,0,0,0,0,0,0,0,0,0,0,0,0,0,0,0,0,0,0,0,0,0,0,0,0,0,0,1,0,0,0,0,0
0,0,0,2,2,0,0,1,0,0,0,1,0,0,0,0,0,0,0,2,3,1,3,0,3,0,1,3,0,0,0,0,0,0,0,0,0,0,0,0,0,0,0,0,0,0,2,0,0,0,1,1,0,0,0,0,0,0,0,0,0,0,1,0,0,0,1,0,0,1,0,0,0,0,0,2,0,0,0,0,0,0,0,0,0,0,0,0,0,0,0,0,0,0,2,0,0,0,0,0,0,0,0,0,0,0
0,0,0,0,0,0,0,1,0,0,0,2,0,0,0,0,0,0,0,1,2,1,7,0,4,0,0,3,0,0,0,1,0,0,0,0,0,0,0,0,0,0,0,0,1,2,0,0,0,0,2,1,0,0,0,0,0,0,0,0,0,0,1,1,5,0,0,0,0,0,0,0,0,1,0,1,0,0,0,0,0,1,0,0,0,0,0,0,0,0,0,1,0,0,0,0,0,0,0,0,3,0,0,0,0,0
0,0,0,2,2,0,0,1,0,0,0,0,0,0,0,0,0,0,0,0,1,0,3,0,1,0,0,3,0,0,0,0,0,0,0,0,0,0,0,0,0,0,0,0,2,2,3,0,0,0,0,1,0,0,0,0,0,0,0,0,0,0,0,0,1,1,3,0,0,0,0,0,0,0,0,0,0,0,0,0,0,0,1,0,0,0,0,0,0,0,0,0,0,0,0,0,0,0,0,0,0,0,0,0,0,0
0,0,2,1,1,0,0,3,0,0,0,0,0,0,0,0,0,0,0,1,0,1,2,0,1,1,2,3,0,0,0,1,0,0,0,0,0,0,0,0,0,0,0,0,1,1,0,0,0,0,1,0,0,0,0,0,0,0,0,0,0,0,1,0,2,0,3,0,0,0,0,0,0,0,0,1,0,0,0,0,0,0,0,0,0,0,0,0,0,0,0,1,0,0,0,0,0,0,0,0,2,0,0,0,0,0
0,0,1,0,3,0,0,1,0,0,0,0,0,0,0,0,0,0,0,0,2,0,2,0,5,0,1,5,0,0,0,0,0,0,0,0,0,0,0,0,0,0,0,0,0,1,1,0,0,0,0,0,0,0,0,0,0,0,0,0,0,0,2,0,1,0,1,0,0,0,0,0,0,0,0,0,0,0,0,0,0,0,0,0,0,0,0,0,0,0,0,0,0,0,0,0,0,0,0,0,0,0,0,0,0,0
0,0,0,0,1,0,0,2,0,0,0,0,0,0,0,0,0,0,0,0,2,0,7,0,1,0,0,3,0,0,0,0,0,0,0,0,0,0,0,0,0,0,0,0,1,2,1,0,0,0,2,0,0,0,0,0,0,0,0,0,0,0,1,0,2,1,1,1,0,0,0,0,0,0,0,0,0,0,0,0,0,0,0,0,0,0,0,0,0,0,0,0,0,0,0,0,0,0,0,0,0,0,0,0,0,0
1,0,1,1,1,0,0,2,0,0,0,0,0,0,0,0,0,0,0,1,0,0,3,0,0,0,0,2,0,0,0,0,0,0,0,0,0,0,0,0,0,0,0,0,0,1,1,0,0,0,0,1,0,0,0,0,0,0,0,0,0,0,3,0,1,0,3,0,0,1,0,0,0,1,0,0,0,0,0,0,0,0,0,0,0,0,0,0,0,0,0,0,0,0,0,0,0,0,0,0,2,0,0,0,0,0
0,0,0,0,1,0,0,0,0,0,0,0,0,0,0,0,0,0,0,0,1,0,2,0,2,0,0,3,0,0,0,0,0,0,0,0,0,0,0,0,0,0,0,0,1,0,2,0,0,0,2,1,0,0,0,0,0,0,0,0,0,0,3,0,1,0,0,0,0,0,0,0,0,1,0,0,0,0,0,0,0,0,0,0,0,0,0,0,0,0,0,0,0,0,0,0,0,0,0,0,2,0,0,0,0,0
1,0,0,0,2,0,0,4,0,0,0,0,0,0,0,0,0,0,0,2,1,0,4,0,0,0,1,2,0,0,0,0,0,0,0,0,0,0,0,0,0,0,0,0,1,3,0,0,0,0,0,0,0,0,0,0,0,0,0,0,0,0,1,1,2,0,1,0,0,0,0,0,0,0,0,0,0,0,0,0,0,0,0,0,0,0,0,0,0,0,0,0,0,0,0,0,0,0,0,0,1,0,0,0,0,0
1,0,0,0,2,0,0,3,0,0,0,0,0,0,0,0,0,0,0,0,1,0,2,0,1,0,1,0,0,0,0,0,0,0,0,0,0,0,0,0,0,0,0,0,1,1,2,0,0,0,0,0,0,0,0,0,0,0,0,0,0,0,0,0,3,0,0,0,0,0,0,0,0,1,0,0,0,0,0,0,0,0,0,0,0,0,0,0,0,0,0,0,0,0,0,0,0,0,0,0,0,0,0,0,0,0
0,0,0,2,2,0,0,0,0,0,0,0,0,0,0,0,0,0,0,0,1,1,0,0,0,0,1,2,0,0,0,0,0,0,0,0,0,0,0,0,0,0,0,0,1,0,1,0,0,0,2,1,0,0,0,0,0,0,0,0,0,0,0,0,1,0,0,0,0,0,0,0,0,1,0,0,0,0,0,0,0,0,0,0,0,0,0,0,0,0,0,0,0,0,0,0,0,0,0,0,0,0,0,0,0,0
0,0,1,0,3,0,0,1,0,0,0,0,0,0,0,0,0,0,0,0,1,0,1,0,2,0,1,1,0,0,0,0,0,0,0,0,0,0,0,0,0,0,0,0,0,1,0,0,0,0,0,1,0,0,0,0,0,0,0,0,0,0,1,0,1,0,1,0,0,0,0,0,0,0,0,0,0,0,0,0,0,0,0,0,0,0,0,0,0,0,0,0,0,0,0,0,0,0,0,0,0,0,0,0,0,0
1,0,0,1,0,0,0,0,0,0,0,0,0,0,0,0,0,0,0,0,0,0,1,0,1,0,0,4,0,0,0,0,0,0,0,0,0,0,0,0,0,0,0,0,0,0,0,0,0,0,0,0,0,0,0,0,0,0,0,0,0,0,0,0,1,0,0,0,0,0,0,0,0,1,0,0,0,0,0,0,0,0,0,0,0,0,0,0,0,0,0,0,0,0,0,0,0,0,0,0,1,0,0,0,0,0
0,0,0,0,1,0,0,1,0,0,0,0,0,0,0,0,0,0,0,1,3,0,0,0,2,0,0,3,0,0,0,0,0,0,0,0,0,0,0,0,0,0,0,0,1,0,0,0,0,0,0,1,0,0,0,0,0,0,0,0,0,0,1,0,0,0,1,0,0,0,0,0,0,0,0,0,0,0,0,0,0,0,0,0,0,0,0,0,0,0,0,0,0,0,0,0,0,0,0,0,0,0,0,0,0,0
1,0,0,0,0,0,0,1,0,0,0,0,0,0,0,0,0,0,0,1,0,0,1,0,0,0,0,1,0,0,0,0,0,0,0,0,0,0,0,0,0,0,0,0,1,0,0,0,0,0,0,2,0,0,0,0,0,0,0,0,0,0,2,0,0,0,0,0,0,1,0,0,0,0,0,0,0,0,0,0,0,0,0,0,0,0,0,0,0,0,0,0,0,0,0,0,0,0,0,0,0,0,0,0,0,0
0,0,0,1,1,0,0,3,0,0,0,0,0,0,0,0,0,0,0,2,2,0,4,0,0,0,0,2,0,0,0,0,0,0,0,0,0,0,0,0,0,0,0,0,1,0,1,0,0,0,1,0,0,0,0,0,0,0,0,0,0,0,0,0,0,0,0,0,0,0,0,0,0,0,0,0,0,0,0,0,0,0,0,0,0,0,0,0,0,0,0,0,0,0,0,0,0,0,0,0,2,0,0,0,0,0
0,0,0,1,0,0,0,0,0,0,0,0,0,0,0,0,0,0,0,0,0,0,1,0,0,1,0,4,0,0,0,0,0,0,0,0,0,0,0,0,0,0,0,0,1,0,0,0,0,0,1,0,0,0,0,0,0,0,0,0,0,0,1,0,0,0,1,0,0,0,0,0,0,0,0,0,0,0,0,0,0,0,0,0,0,0,0,0,0,0,0,0,0,0,0,0,0,0,0,0,0,0,0,0,0,0
0,0,0,1,1,0,0,1,0,0,0,0,0,0,0,0,0,0,0,0,1,0,0,0,1,0,1,1,0,0,0,0,0,0,0,0,0,0,0,0,0,0,0,0,0,0,0,0,0,0,0,1,0,0,0,0,0,0,0,0,0,0,1,0,1,0,0,0,0,0,0,0,0,0,0,0,0,0,0,0,0,0,0,0,0,0,0,0,0,0,0,0,0,0,0,0,0,0,0,0,0,0,0,0,0,0
1,0,0,0,0,0,0,1,0,0,0,0,0,0,0,0,0,0,0,0,1,0,2,0,0,0,0,2,0,0,0,0,0,0,0,0,0,0,0,0,0,0,0,0,1,0,0,0,0,0,0,0,0,0,0,0,0,0,0,0,0,0,0,0,1,0,0,0,0,0,0,0,0,1,0,0,0,0,0,0,0,0,0,0,0,0,0,0,0,0,0,0,0,0,0,0,0,0,0,0,0,0,0,0,0,0
0,0,0,1,2,0,0,1,0,0,0,0,0,0,0,0,0,0,0,0,0,0,2,0,1,0,0,1,0,0,0,0,0,0,0,0,0,0,0,0,0,0,0,0,1,0,1,0,0,0,0,2,0,0,0,0,0,0,0,0,0,0,0,0,0,0,1,0,0,0,0,0,0,0,0,0,0,0,0,0,0,0,0,0,0,0,0,0,0,0,0,0,0,0,0,0,0,0,0,0,0,0,0,0,0,0
0,0,0,0,1,0,0,3,0,0,0,0,0,0,0,0,0,0,0,0,0,0,1,0,0,0,0,0,0,0,0,0,0,0,0,0,0,0,0,0,0,0,0,0,0,0,0,0,1,0,0,0,0,0,0,0,0,0,0,0,0,0,0,0,0,0,0,0,0,0,0,0,0,0,0,0,0,0,0,0,0,0,0,0,0,0,0,0,0,0,0,0,0,0,0,0,0,0,0,0,0,0,0,0,0,0
1,0,0,0,0,0,0,0,0,0,0,0,0,0,0,0,0,0,0,0,0,0,3,0,1,0,0,2,0,0,0,0,0,0,0,0,0,0,0,0,0,0,0,0,1,0,1,0,1,0,0,0,0,0,0,0,0,0,0,0,0,0,2,0,2,0,1,0,0,0,0,0,0,0,0,0,0,0,0,0,0,0,0,0,0,0,0,0,0,0,0,0,0,0,0,0,0,0,0,0,0,0,0,0,0,0
0,0,0,0,0,0,0,0,0,0,0,0,0,0,0,0,0,0,0,0,0,0,2,0,0,0,1,4,0,0,0,0,0,0,0,0,0,0,0,0,0,0,0,0,1,0,0,0,0,0,0,0,0,0,0,0,0,0,0,0,0,0,0,0,0,0,1,0,0,0,0,0,0,0,0,0,0,0,0,0,0,0,0,0,0,0,0,0,0,0,0,0,0,0,0,0,0,0,0,0,0,0,0,0,0,0
1,0,0,1,1,0,0,1,0,0,0,0,0,0,0,0,0,0,0,0,1,0,1,0,0,0,0,4,0,0,0,0,0,0,0,0,0,0,0,0,0,0,0,0,0,0,1,0,0,0,1,0,0,0,0,0,0,0,0,0,0,0,3,0,1,0,2,0,0,0,0,0,0,0,0,0,0,0,0,0,0,0,0,0,0,0,0,0,0,0,0,0,0,0,0,0,0,0,0,0,0,0,0,0,0,0
0,0,0,0,0,0,0,1,0,0,0,0,0,0,0,0,0,0,0,1,0,0,0,0,0,0,1,2,0,0,0,0,0,0,0,0,0,0,0,0,0,0,0,0,0,0,0,0,0,0,0,0,0,0,0,0,0,0,0,0,0,0,2,0,0,0,0,0,0,0,0,0,0,0,0,0,0,0,0,0,0,0,0,0,0,0,0,0,0,0,0,0,0,0,0,0,0,0,0,0,0,0,0,0,0,0
0,0,0,1,0,0,0,1,0,0,0,0,0,0,0,0,0,0,0,0,0,0,1,0,0,0,0,2,0,0,0,0,0,0,0,0,0,0,0,0,0,0,0,0,1,0,1,0,0,0,0,0,0,0,0,0,0,0,0,0,0,0,1,0,0,0,0,0,0,0,0,0,0,0,0,0,0,0,0,0,0,0,0,0,0,0,0,0,0,0,0,0,0,0,0,0,0,0,0,0,0,0,0,0,0,0
0,0,0,0,0,0,0,0,0,0,0,0,0,0,0,0,0,0,0,1,0,0,0,0,0,0,0,3,0,0,0,0,0,0,0,0,0,0,0,0,0,0,0,0,0,0,3,0,0,0,0,0,0,0,0,0,0,0,0,0,0,0,1,0,0,0,0,0,0,0,0,0,0,0,0,0,0,0,0,0,0,0,0,0,0,0,0,0,0,0,0,0,0,0,0,0,0,0,0,0,0,0,0,0,0,0
0,0,0,0,0,0,0,0,0,0,0,0,0,0,0,0,0,0,0,0,0,0,1,0,0,0,0,2,0,0,0,0,0,0,0,0,0,0,0,0,0,0,0,0,0,0,0,0,0,0,0,0,0,0,0,0,0,0,0,0,0,0,0,0,0,0,0,0,0,0,0,0,0,0,0,0,0,0,0,0,0,0,0,0,0,0,0,0,0,0,0,0,0,0,0,0,0,0,0,0,0,0,0,0,0,0
0,0,0,0,0,0,0,0,0,0,0,0,0,0,0,0,0,0,0,0,0,0,1,0,0,0,0,2,0,0,0,0,0,0,0,0,0,0,0,0,0,0,0,0,0,0,0,0,0,0,0,0,0,0,0,0,0,0,0,0,0,0,1,0,0,0,1,0,0,0,0,0,0,0,0,0,0,0,0,0,0,0,0,0,0,0,0,0,0,0,0,0,0,0,0,0,0,0,0,0,0,0,0,0,0,0
0,0,0,0,0,0,0,1,0,0,0,0,0,0,0,0,0,0,0,0,0,0,1,0,0,0,1,2,0,0,0,0,0,0,0,0,0,0,0,0,0,0,0,0,0,0,0,0,0,0,0,0,0,0,0,0,0,0,0,0,0,0,0,0,0,0,0,0,0,0,0,0,0,0,0,0,0,0,0,0,0,0,0,0,0,0,0,0,0,0,0,0,0,0,0,0,0,0,0,0,0,0,0,0,0,0
0,0,0,0,0,0,0,0,0,0,0,0,0,0,0,0,0,0,0,0,0,0,0,0,0,0,0,3,0,0,0,0,0,0,0,0,0,0,0,0,0,0,0,0,0,0,0,0,0,0,0,0,0,0,0,0,0,0,0,0,0,0,1,0,0,0,0,0,0,0,0,0,0,0,0,0,0,0,0,0,0,0,0,0,0,0,0,0,0,0,0,0,0,0,0,0,0,0,0,0,0,0,0,0,0,0
0,0,0,0,0,0,0,2,0,0,0,0,0,0,0,0,0,0,0,0,0,0,0,0,0,0,0,1,0,0,0,0,0,0,0,0,0,0,0,0,0,0,0,0,0,0,0,0,0,0,0,0,0,0,0,0,0,0,0,0,0,0,0,0,0,0,0,0,0,0,0,0,0,0,0,0,0,0,0,0,0,0,0,0,0,0,0,0,0,0,0,0,0,0,0,0,0,0,0,0,0,0,0,0,0,0
0,0,0,0,0,0,0,0,0,0,0,0,0,0,0,0,0,0,0,0,0,0,0,0,0,0,1,2,0,0,0,0,0,0,0,0,0,0,0,0,0,0,0,0,0,0,0,0,0,0,0,0,0,0,0,0,0,0,0,0,0,0,1,0,0,0,0,0,0,0,0,0,0,0,0,0,0,0,0,0,0,0,0,0,0,0,0,0,0,0,0,0,0,0,0,0,0,0,0,0,0,0,0,0,0,0
0,0,0,1,0,0,0,1,0,0,0,0,0,0,0,0,0,0,0,0,0,0,0,0,0,0,0,0,0,0,0,0,0,0,0,0,0,0,0,0,0,0,0,0,0,0,0,0,0,0,0,0,0,0,0,0,0,0,0,0,0,0,1,0,0,0,0,0,0,0,0,0,0,0,0,0,0,0,0,0,0,0,0,0,0,0,0,0,0,0,0,0,0,0,0,0,0,0,0,0,0,0,0,0,0,0
0,0,0,0,0,0,0,0,0,0,0,0,0,0,0,0,0,0,0,0,0,0,0,0,0,0,0,2,0,0,0,0,0,0,0,0,0,0,0,0,0,0,0,0,0,0,0,0,0,0,0,0,0,0,0,0,0,0,0,0,0,0,1,0,0,0,0,0,0,0,0,0,0,0,0,0,0,0,0,0,0,0,0,0,0,0,0,0,0,0,0,0,0,0,0,0,0,0,0,0,0,0,0,0,0,0
0,0,0,0,0,0,0,2,0,0,0,0,0,0,0,0,0,0,0,0,0,0,0,0,0,0,0,1,0,0,0,0,0,0,0,0,0,0,0,0,0,0,0,0,0,0,0,0,0,0,0,0,0,0,0,0,0,0,0,0,0,0,2,0,0,0,0,0,0,0,0,0,0,0,0,0,0,0,0,0,0,0,0,0,0,0,0,0,0,0,0,0,0,0,0,0,0,0,0,0,0,0,0,0,0,0
0,0,0,0,0,0,0,0,0,0,0,0,0,0,0,0,0,0,0,0,0,0,0,0,0,0,0,1,0,0,0,0,0,0,0,0,0,0,0,0,0,0,0,0,0,0,0,0,0,0,0,0,0,0,0,0,0,0,0,0,0,0,1,0,0,0,0,0,0,0,0,0,0,0,0,0,0,0,0,0,0,0,0,0,0,0,0,0,0,0,0,0,0,0,0,0,0,0,0,0,0,0,0,0,0,0
0,0,0,0,0,0,0,1,0,0,0,0,0,0,0,0,0,0,0,0,0,0,0,0,0,0,0,3,0,0,0,0,0,0,0,0,0,0,0,0,0,0,0,0,0,0,0,0,0,0,0,0,0,0,0,0,0,0,0,0,0,0,0,0,0,0,0,0,0,0,0,0,0,0,0,0,0,0,0,0,0,0,0,0,0,0,0,0,0,0,0,0,0,0,0,0,0,0,0,0,0,0,0,0,0,0
0,0,0,0,0,0,0,0,0,0,0,0,0,0,0,0,0,0,0,0,0,0,0,0,0,0,0,0,0,0,0,0,0,0,0,0,0,0,0,0,0,0,0,0,0,0,0,0,0,0,0,0,0,0,0,0,0,0,0,0,0,0,0,0,0,0,0,0,0,0,0,0,0,0,0,0,0,0,0,0,0,0,0,0,0,0,0,0,0,0,0,0,0,0,0,0,0,0,0,0,0,0,0,0,0,0
0,0,0,0,0,0,0,0,0,0,0,0,0,0,0,0,0,0,0,0,0,0,0,0,0,0,0,0,0,0,0,0,0,0,0,0,0,0,0,0,0,0,0,0,0,0,0,0,0,0,0,0,0,0,0,0,0,0,0,0,0,0,0,0,0,0,0,0,0,0,0,0,0,0,0,0,0,0,0,0,0,0,0,0,0,0,0,0,0,0,0,0,0,0,0,0,0,0,0,0,0,0,0,0,0,0
0,0,0,0,0,0,0,0,0,0,0,0,0,0,0,0,0,0,0,0,0,0,0,0,0,0,0,0,0,0,0,0,0,0,0,0,0,0,0,0,0,0,0,0,0,0,0,0,0,0,0,0,0,0,0,0,0,0,0,0,0,0,0,0,0,0,0,0,0,0,0,0,0,0,0,0,0,0,0,0,0,0,0,0,0,0,0,0,0,0,0,0,0,0,0,0,0,0,0,0,0,0,0,0,0,0