	Cohort	Condition	Hemisphere	Map ID	Weight 1	Weight 2	Mean 1	Mean 2	Variance 1	Variance 2	CV 1	CV 2	Index	$\Delta$ Mean	$\Delta$ Weight
0	102319	NW	Left	29	0.646028519738164	0.35397148026187647	35.06753502057199	73.88546740852588	159.44133954273443	557.2953278285602	0.36007687251456805	0.31950942671321025	0	38.817932387953896	-0.2920570394762875
1	102319	NW	Left	32	0.32856053069510605	0.6714394693048664	32.403555554524615	75.8065260744175	62.446623548884105	571.8678248524343	0.24387192920478395	0.31545777526860347	1	43.40297051989289	0.3428789386097604
2	102319	NW	Left	32	0.5735340602405286	0.42646593975949787	36.889440196783355	78.40745803085726	177.82456771592618	617.3290878120521	0.3614879426047943	0.3168844995859569	2	41.5180178340739	-0.14706812048103068
3	102319	NW	Left	32	0.32202345897893825	0.6779765410210148	37.41312443559117	76.51172209771119	84.95792016636887	420.268715645987	0.24636440325253023	0.2679387669239445	3	39.098597662120014	0.35595308204207654
4	102319	NW	Left	32	0.31165264040109947	0.6883473595987186	31.54303094753247	74.308330236952	85.50925153900239	521.253677600386	0.29315893175381774	0.30724658434249563	4	42.76529928941953	0.37669471919761915
5	102319	NW	Left	33	0.31870099971968385	0.6812990002802835	33.01917369834397	75.01959435532676	93.50713118866331	477.22672269122785	0.2928573752088896	0.29119751577439207	5	42.00042065698279	0.3625980005605996
6	102319	NW	Left	35	0.3478953261030354	0.652104673897133	29.602834718360132	74.98487200256275	74.8753713048056	673.429959860423	0.2923049663120523	0.3460768604825036	6	45.382037284202625	0.3042093477940976
7	102319	NW	Left	35	0.3713089372403186	0.6286910627597136	37.15634397776868	78.765860147975	152.30924970314362	516.2245973543402	0.33214687032258283	0.28845716248492526	7	41.60951617020633	0.25738212551939504
8	102319	NW	Left	36	0.3543268903156988	0.645673109684175	32.21728626120213	73.25694611032476	97.75629539118684	423.79750642225525	0.3068904765278233	0.28101557339063893	8	41.03965984912263	0.2913462193684762
9	102319	NW	Left	38	0.41503241356640874	0.5849675864339159	33.204213399554895	74.53274995568357	120.40247213326778	544.3224371597033	0.33046426657352995	0.3130264046194781	9	41.328536556128675	0.16993517286750714
10	102319	NW	Left	38	0.3779179178523095	0.6220820821477137	30.349372262872546	71.37314924559686	90.67094428014964	528.1465548721544	0.313750449462383	0.3219899864147912	10	41.023776982724314	0.24416416429540416
11	102319	NW	Left	39	0.44014594314659244	0.5598540568530721	35.945879222313685	75.49139300577637	158.5793524332346	424.3271890856556	0.3503274833676092	0.2728682407756513	11	39.54551378346269	0.11970811370647966
12	102319	NW	Left	41	0.43037517028274364	0.5696248297174209	27.823913118234273	65.32125475816925	72.888137915229	468.56264868423654	0.30683876009670447	0.33138230502511296	12	37.49734163993497	0.13924965943467726
13	102319	NW	Left	41	0.43664176742532607	0.5633582325746398	30.98917148992624	70.46331372184575	86.74748555167143	439.40036603517234	0.30055121107350147	0.2974864190931691	13	39.474142231919515	0.12671646514931373
14	102319	NW	Left	42	0.4095647623204563	0.5904352376796017	30.610135367422153	67.18796342217266	100.86687254171271	380.63922764155694	0.3281021131720748	0.290379059723791	14	36.577828054750505	0.1808704753591454
15	102319	NW	Left	43	0.48777790882148675	0.5122220911786405	31.54556191129357	65.45748021005059	99.3710571843202	404.67403827468996	0.31600335048735156	0.30732181438376427	15	33.911918298757016	0.024444182357153732
16	102319	NW	Left	47	0.4632463261530206	0.536753673847111	40.122793612934665	74.73307959144114	140.10076696284946	372.5508848120556	0.2950048068887967	0.2582735432262057	16	34.610285978506475	0.07350734769409045
17	102319	NW	Right	29	0.3686094408998211	0.6313905591001073	31.88666876388786	77.10322077211697	42.993436436745796	695.6364253582576	0.20563258227909187	0.3420728747994974	17	45.21655200822911	0.2627811182002862
18	102319	NW	Right	30	0.37550727534494893	0.6244927246549957	27.7780821112897	72.87557260997865	37.526847422639555	724.4394729072949	0.22053056158051412	0.3693338156021892	18	45.09749049868895	0.2489854493100468
19	102319	NW	Right	30	0.31335435293518177	0.6866456470648522	22.055378048275262	63.15351520900056	22.92324555343249	774.2702815231231	0.21708186644116004	0.44060433540040805	19	41.0981371607253	0.37329129412967044
20	102319	NW	Right	32	0.3004430466667715	0.6995569533331935	28.9541175843225	71.24391153708727	51.166951651685686	621.6028869592786	0.24704976108669924	0.3499522222531215	20	42.28979395276477	0.39911390666642194
21	102319	NW	Right	32	0.32297219231391355	0.6770278076860554	25.90940721106401	65.90958405323366	21.835486149944227	917.8209891238076	0.1803532430450499	0.45965334156767435	21	40.00017684216965	0.35405561537214186
22	102319	NW	Right	33	0.3946785448952373	0.6053214551048431	23.39291856891364	65.034999249011	27.75566093876931	605.8830199053251	0.22521192240446541	0.3784837614205876	22	41.64208068009735	0.21064291020960585
23	102319	NW	Right	35	0.3672618065285025	0.6327381934714693	28.487524510303267	64.4815579987407	27.507636689463855	474.1904848604302	0.18410768960222582	0.33770764732127645	23	35.99403348843743	0.2654763869429668
24	102319	NW	Right	35	0.37891225710896637	0.6210877428910402	27.414307253277865	67.74063275082108	34.10837002582462	519.0785250617944	0.21303610195116915	0.3363312969371856	24	40.32632549754321	0.24217548578207382
25	102319	NW	Right	35	0.3656106448468034	0.6343893551531266	31.08408362126987	67.43716422202868	52.94049372759429	541.8050544403426	0.23407548128378206	0.3451614036745562	25	36.353080600758815	0.26877871030632317
26	102319	NW	Right	35	0.3576525031095546	0.6423474968904116	27.517963081258248	69.44994069031064	39.53512920146101	628.2849849479659	0.22849426153154634	0.36091627072586624	26	41.931977609052396	0.284694993780857
27	102319	NW	Right	36	0.41279054399932885	0.5872094560004937	29.694274388932527	67.28665769468552	65.50506688722953	673.4340212556035	0.27256163762064306	0.3856724085867011	27	37.59238330575299	0.17441891200116483
28	102319	NW	Right	38	0.4234736636330499	0.5765263363671633	29.69882581263362	64.28313827154142	68.97659521238646	527.5267115643052	0.2796479225531155	0.3572935341542421	28	34.5843124589078	0.15305267273411344
29	102319	NW	Right	39	0.33633974209860623	0.6636602579016772	34.0896120586859	68.16321026999097	82.46621895141097	429.1383220191641	0.26638881283653665	0.30391253509111577	29	34.07359821130507	0.3273205158030709
30	102319	NW	Right	39	0.33541629140198626	0.6645837085979592	29.435853511030956	70.22432373904586	49.00707442408386	629.9160414685043	0.23782239897154747	0.3573993583701913	30	40.7884702280149	0.329167417195973
31	102319	NW	Right	40	0.3830301795067703	0.616969820493034	34.267114137428244	75.28459378642701	97.53671501159066	566.2670814080083	0.2882083315026081	0.3160854802071659	31	41.017479648998766	0.23393964098626363
32	102319	NW	Right	41	0.39075305272555405	0.6092469472742144	28.391248783910925	69.81548833561985	62.05651633935919	567.6381057084685	0.277465634133801	0.34125890343675597	32	41.42423955170892	0.2184938945486603
33	102319	NW	Right	43	0.3919465003650485	0.6080534996351795	32.83633693793352	73.0200080760937	99.23884972182961	470.516142098152	0.30337944848346365	0.29706082789736343	33	40.183671138160186	0.216106999270131
34	102319	NW	Right	44	0.5684815080024097	0.43151849199772474	41.78804234451231	83.45308547806492	198.50208278087717	515.640119381117	0.3371557012023844	0.27210150998041316	34	41.66504313355261	-0.13696301600468497
35	102319	NW	Right	45	0.36022717009969124	0.6397728299005386	30.885403349192067	70.33206675797196	64.9957016908152	530.7930314311615	0.26102916911664414	0.3275738511961001	35	39.44666340877989	0.2795456598008474
36	102319	NW	Right	46	0.415169535478244	0.5848304645217292	30.833843326018577	70.10004078443959	70.50651420273536	639.3550345455906	0.2723246540905655	0.3607055079596035	36	39.266197458421004	0.16966092904348518
37	102319	NW	Right	46	0.5697434245031961	0.43025657549685237	40.18848791158643	77.7790094392691	155.44863351875304	448.6080391565835	0.3102357113409463	0.2723147202029004	37	37.590521527682675	-0.13948684900634378
38	102319	NW	Right	47	0.5939724418090591	0.406027558190992	40.33954282646471	81.1456845755649	155.69559734530813	544.0882630165104	0.3093194248959817	0.28745459166992504	38	40.80614174910019	-0.18794488361806705
39	102319	NW	Right	47	0.2995872820248579	0.7004127179751447	40.23761600691803	72.76203478782814	50.65207416583601	426.25382555339434	0.17687496839497338	0.28374571339586835	39	32.52441878091011	0.4008254359502868
40	102319	SW	Left	30	0.3526838623517397	0.6473161376482666	31.199405567400444	71.89173378633815	46.18698500630502	776.0424072420441	0.21782789117722678	0.38749291806478176	40	40.6923282189377	0.29463227529652686
41	102319	SW	Left	30	0.3757629699162495	0.624237030083712	31.390901435214186	69.75176489149673	49.67083914177622	487.7632585556971	0.22451582685197657	0.31662801690937387	41	38.360863456282544	0.24847406016746248
42	102319	SW	Left	32	0.3809041710533798	0.6190958289465975	32.613497011605105	68.01823795129606	67.73566310709529	522.5102578424174	0.25235465743977725	0.3360640317665746	42	35.40474093969095	0.23819165789321772
43	102319	SW	Left	33	0.34548892309611273	0.6545110769042053	31.61035501007557	74.240848131266	71.98223415838466	522.271195160117	0.2684004796748386	0.3078258676596101	43	42.63049312119044	0.30902215380809256
44	102319	SW	Left	33	0.5087603840749844	0.49123961592494586	38.06334935697052	77.38359965959059	178.3907662892962	434.9992494343694	0.350896619636477	0.2695226858523091	44	39.32025030262007	-0.0175207681500385
45	102319	SW	Left	34	0.34883137054976243	0.6511686294503702	33.152278591516406	77.28157464556041	101.68289692027282	611.0266918695547	0.30416593382356055	0.31985572518182737	45	44.129296054044005	0.3023372589006078
46	102319	SW	Left	35	0.3521683386004232	0.6478316613996102	35.68537628555295	74.92644083813687	100.26122368273191	531.5095313655727	0.2805926042479887	0.30769499022903274	46	39.24106455258392	0.29566332279918706
47	102319	SW	Left	35	0.36556708247519365	0.6344329175248312	32.263324071498715	71.13385180948819	72.54061598938964	462.5625935758357	0.2639863729838761	0.30234927312879273	47	38.87052773798948	0.26886583504963757
48	102319	SW	Left	37	0.35712201776280983	0.6428779822373162	31.282549976006838	71.8593084565824	81.76280729695209	429.93939985160546	0.28905184789445343	0.2885496750228403	48	40.57675848057556	0.28575596447450635
49	102319	SW	Left	37	0.4119647462476623	0.5880352537520924	28.50576821239887	69.518364147179	70.89717230517674	559.230810992689	0.2953804226039156	0.34016999326496306	49	41.01259593478013	0.17607050750443015
50	102319	SW	Left	38	0.3694031417831993	0.6305968582168319	29.299734140875827	71.64561313841303	64.74624217573233	526.458999946309	0.27462723476604506	0.3202526068180549	50	42.3458789975372	0.2611937164336326
51	102319	SW	Left	39	0.337734828673831	0.6622651713261977	28.52504071526902	67.86313064689841	49.20344258932376	566.2165607189883	0.2459073286295431	0.35063671846005834	51	39.33808993162939	0.3245303426523667
52	102319	SW	Left	39	0.3932353386376305	0.6067646613623807	25.338576701261246	65.2086196900502	49.98025257929551	601.6931216693645	0.27900822543459336	0.376168578612332	52	39.87004298878895	0.21352932272475023
53	102319	SW	Left	40	0.3389873812407746	0.6610126187592185	35.01252186713483	74.72094605086247	112.28085079340569	481.1490360866624	0.3026421783998634	0.29356038468368917	53	39.70842418372764	0.32202523751844386
54	102319	SW	Left	41	0.41907978740324076	0.5809202125966371	31.912446816344715	71.6657580447585	86.94416702383522	456.77203214728434	0.2921864833720382	0.29822088402101055	54	39.75331122841379	0.1618404251933963
55	102319	SW	Left	42	0.478165316927421	0.5218346830724739	30.2237195455478	69.20677627644456	92.6232781739256	599.5258884350613	0.3184286702199664	0.3537979815107836	55	38.983056730896756	0.04366936614505296
56	102319	SW	Left	43	0.40341776363074544	0.596582236369096	33.78695158957128	70.32745993602161	89.15815984906746	433.3167083493401	0.27946764719209155	0.29599050912074976	56	36.54050834645033	0.19316447273835058
57	102319	SW	Left	44	0.5552798529835516	0.44472014701643636	29.906916554730923	66.22630797767022	97.74648295523436	429.09220256508473	0.3305817930895911	0.3127841711409665	57	36.31939142293929	-0.11055970596711528
58	102319	SW	Left	45	0.5963043925647289	0.40369560743505667	30.42155446120339	65.81969982672709	118.38386821046484	476.32712757628485	0.3576554618581895	0.33158643890891676	58	35.3981453655237	-0.19260878512967222
59	102319	SW	Left	46	0.4821708161375919	0.5178291838624334	31.70465004845597	65.45126276103844	79.78407308790396	442.15943508121774	0.28173132518553673	0.32127092113189837	59	33.74661271258246	0.03565836772484149
60	102319	SW	Left	47	0.44524665184157325	0.5547533481586273	36.762071742339096	72.54747691155632	95.6988546520584	362.6157099627057	0.2661052187067634	0.2624828874188923	60	35.78540516921722	0.10950669631705406
61	102319	SW	Left	47	0.5659640984368681	0.43403590156325883	27.895475540169933	62.676735015665386	63.614682098452526	478.1990853325446	0.28592024762614926	0.34889761895244803	61	34.78125947549545	-0.1319281968736093
62	102319	SW	Right	28	0.3022851950758647	0.6977148049242203	27.84825375634216	64.98238900983806	25.75637951247	963.6051354534596	0.1822403077788578	0.47769850183821133	62	37.1341352534959	0.3954296098483556
63	102319	SW	Right	29	0.32743739018430246	0.6725626098157061	29.463881391216983	71.07077700555398	21.879887948436306	772.9388560387981	0.15875689240801702	0.3911843812722573	63	41.60689561433699	0.3451252196314037
64	102319	SW	Right	30	0.38831492894759445	0.6116850710523591	31.76217611860863	70.42393361071349	69.65162433601733	551.6446228156494	0.26275765356848513	0.33351042604921927	64	38.66175749210486	0.2233701421047647
65	102319	SW	Right	32	0.37014955691973395	0.6298504430801654	28.541202469203593	68.89425291294434	53.5927199255085	605.3923593303375	0.256496021388923	0.3571375152068714	65	40.35305044374074	0.2597008861604314
66	102319	SW	Right	32	0.36548427696207064	0.6345157230379076	31.62369860137765	72.54637322388086	68.7478133601757	554.2665855308192	0.2621903977777002	0.3245216257064991	66	40.92267462250321	0.26903144607583696
67	102319	SW	Right	33	0.3666583464533079	0.6333416535468049	33.94519360476518	74.78808669101258	105.18936525687523	482.09314387601773	0.30213958422087933	0.2935844539249973	67	40.8428930862474	0.266683307093497
68	102319	SW	Right	34	0.3793028521649878	0.620697147835029	32.51075194619655	79.25625265301103	108.02243965792889	527.4130282152689	0.3196906806426742	0.28976230810402354	68	46.74550070681448	0.24139429567004123
69	102319	SW	Right	35	0.34445765693763764	0.6555423430623227	31.282286255786097	75.13470812410065	83.00062367294613	472.81833816116716	0.2912340783881995	0.2894053481090733	69	43.85242186831456	0.3110846861246851
70	102319	SW	Right	35	0.3432010457075618	0.6567989542925391	29.798575004054015	71.72285546466702	83.01225684513014	434.47710634830725	0.3057564408647106	0.2906202533964325	70	41.924280460613005	0.31359790858497727
71	102319	SW	Right	36	0.33669806276907793	0.6633019372309353	29.174467381016076	69.07870408196919	80.97739410195449	386.7202725780584	0.30844587191997686	0.28467825036762706	71	39.90423670095312	0.3266038744618574
72	102319	SW	Right	37	0.38955262273918684	0.6104473772607913	29.355875002945325	67.95704814523883	83.16314773494838	472.05450944982675	0.3106493360433984	0.31971393754694805	72	38.601173142293504	0.2208947545216045
73	102319	SW	Right	38	0.37186964902900854	0.6281303509708102	30.047645541282947	68.93253784086568	75.45417747606147	408.51450696077575	0.2890887539391846	0.2932104698630917	73	38.88489229958273	0.2562607019418016
74	102319	SW	Right	39	0.38029766960674466	0.6197023303932111	26.277504582141226	65.65323192829685	65.13159631775905	550.3762318322046	0.30712257526905784	0.35733349339246023	74	39.37572734615562	0.23940466078646644
75	102319	SW	Right	40	0.4381001589939518	0.5618998410060623	29.059502602170305	70.03124655948533	96.19021287688092	490.04361942500486	0.33750271166647455	0.3161007400150982	75	40.97174395731502	0.12379968201211045
76	102319	SW	Right	40	0.3560347888919885	0.6439652111079425	30.457659143296446	70.77463208297662	86.92219374317122	451.69585815403497	0.30610386777007065	0.3002931556375171	76	40.31697293968018	0.287930422215954
77	102319	SW	Right	41	0.41409014042062425	0.5859098595792289	32.51812065631281	72.0311242723507	120.70699092250432	443.79387259898795	0.3378631086635574	0.29246268143013326	77	39.513003616037885	0.17181971915860467
78	102319	SW	Right	42	0.4402028541381645	0.5597971458616604	26.364219973102955	65.40774830742468	78.87565385014024	555.0525113199867	0.33686551903407397	0.36019513058887553	78	39.04352833432173	0.1195942917234959
79	102319	SW	Right	43	0.4960127850078048	0.5039872149921926	37.33683174257383	72.12570653527672	153.7128604640404	338.39519380818217	0.33206082272950366	0.255048053036897	79	34.78887479270289	0.007974429984387743
80	102319	SW	Right	45	0.5773892402825893	0.4226107597174159	31.721846482225928	65.73510940252872	128.2744845324945	431.02105698852205	0.35703573012938944	0.3158288898315524	80	34.01326292030279	-0.1547784805651734
81	102319	SW	Right	46	0.5328618372076636	0.4671381627922943	35.93932523164562	67.32351912834261	90.22130205653868	404.95204156782665	0.26429237056094124	0.29890624384967673	81	31.384193896696992	-0.06572367441536925
82	102319	SW	Right	46	0.5170188645849663	0.48298113541493465	32.119254612276755	65.93584548650068	80.00991023994375	367.1988120581886	0.27848796617711363	0.29062237951463893	82	33.81659087422393	-0.034037729170031616
83	102319	SW	Right	48	0.5706439167474929	0.4293560832525743	32.582600686781	66.33737621602432	100.67882635813557	487.1611452951242	0.3079522107025425	0.3327193287239853	83	33.754775529243325	-0.14128783349491864
84	102319	NH	Left	29	0.3882870452570381	0.6117129547430099	40.28229934830912	90.57815149954475	186.04548621798057	407.9701963984368	0.33860652001926567	0.22299276127622136	84	50.29585215123563	0.2234259094859718
85	102319	NH	Left	30	0.38237911158305093	0.6176208884168375	43.52044685292297	88.06871987955846	231.25785747834357	370.87934513864985	0.34942574756274875	0.21867273660572564	85	44.548273026635485	0.23524177683378655
86	102319	NH	Left	32	0.35079877579979624	0.6492012242002585	30.881310349334473	78.84609283832637	103.53226876448281	503.86919978067283	0.32948992964497475	0.28469427172779005	86	47.9647824889919	0.29840244840046226
87	102319	NH	Left	33	0.4013387059698928	0.5986612940301832	42.94950243420694	90.5776743125946	290.9521910463523	419.3569496070658	0.3971482736628345	0.22608448333890302	87	47.628171878387654	0.1973225880602904
88	102319	NH	Left	33	0.35964829870188453	0.6403517012980555	33.7343128136853	82.61686899876712	123.22002689067764	574.378701235088	0.3290552178685637	0.2900884459892966	88	48.88255618508182	0.280703402596171
89	102319	NH	Left	34	0.3663259941995852	0.6336740058004259	36.0836687281945	82.86756881542125	146.19446837014948	396.33193675480766	0.3350848425423701	0.24023978867094156	89	46.78390008722675	0.26734801160084065
90	102319	NH	Left	35	0.3618068463698843	0.6381931536300514	41.431785386890375	86.20449231896202	182.32864647720976	422.67614021979557	0.3259070878124737	0.2384920836477314	90	44.77270693207165	0.27638630726016705
91	102319	NH	Left	36	0.31095509729025106	0.6890449027098597	36.67091416664342	88.61712648784271	133.26921587724368	611.3497667511726	0.3148061330073848	0.27901478168391974	91	51.94621232119929	0.3780898054196087
92	102319	NH	Left	37	0.37846303918479196	0.621536960815431	36.21728484590504	79.21687747846144	202.2294485585243	332.1875055140707	0.39265064030264485	0.23007738203207984	92	42.9995926325564	0.243073921630639
93	102319	NH	Left	37	0.3584571737383239	0.6415428262618026	41.707643725619874	79.88219085569945	250.82996711848745	352.5754963051791	0.379729253531698	0.23505857316364132	93	38.174547130079574	0.28308565252347867
94	102319	NH	Left	38	0.3864324746044307	0.6135675253953358	33.68833439647445	78.97650547343392	164.7522653202907	356.22150513219566	0.38100981027970354	0.23898032854774093	94	45.288171076959465	0.22713505079090507
95	102319	NH	Left	39	0.41152212928211196	0.5884778707179492	34.14193688042312	76.98244139803323	185.7123145500135	333.09421175206995	0.39914638126609825	0.23707833192871336	95	42.840504517610114	0.17695574143583725
96	102319	NH	Left	40	0.36377688254873314	0.6362231174514597	40.7088338368757	80.90756716225567	268.6055048790233	289.10394451081146	0.40259538566062	0.2101540994620501	96	40.198733325379976	0.2724462349027265
97	102319	NH	Left	41	0.36370119441355275	0.636298805586475	31.957377394774944	75.83058421946494	144.84107783384667	357.7710433302186	0.37659516728290365	0.2494354591546065	97	43.873206824689994	0.27259761117292225
98	102319	NH	Left	42	0.41809956464958364	0.5819004353505131	31.978235216665414	77.04562032162862	136.4961407040208	399.3796743783843	0.365347124461422	0.2593850988389302	98	45.06738510496321	0.1638008707009294
99	102319	NH	Left	43	0.42885164329019426	0.5711483567096118	38.40919032999362	76.32491079877465	219.97502846339788	283.92490261716705	0.38614599871931304	0.2207676513183379	99	37.91572046878103	0.14229671341941758
100	102319	NH	Left	44	0.3940989467273488	0.6059010532724023	39.8673646531046	77.42345090174425	219.0166212118222	263.672155377511	0.3712111468558388	0.20972954273184502	100	37.556086248639645	0.2118021065450535
101	102319	NH	Left	45	0.4001806763395072	0.5998193236603608	45.868316039674504	77.87305309731761	219.95012758833795	270.7701684462917	0.3233324647763264	0.2113066697873853	101	32.004737057643105	0.19963864732085362
102	102319	NH	Left	48	0.37461803348406864	0.6253819665159034	38.38286264364433	77.36812744258488	119.34823677206099	265.53129175963727	0.2846234258812981	0.21061813773280755	102	38.98526479894055	0.25076393303183475
103	102319	NH	Right	29	0.3832601188704753	0.6167398811295014	34.72596881046215	88.40722674129859	86.15314215951739	555.0586092902458	0.2672890638560393	0.2664904525032991	103	53.68125793083644	0.2334797622590261
104	102319	NH	Right	30	0.43386092305925394	0.566139076940792	34.0588393357585	84.97958129893408	168.25254583521735	445.1192309740612	0.3808473852430709	0.248269627163202	104	50.92074196317558	0.13227815388153807
105	102319	NH	Right	32	0.4050355107125524	0.5949644892873321	31.26828240980926	78.84652747451312	105.69891139824956	463.13241049083763	0.3287995628590267	0.2729417778993858	105	47.578245064703864	0.18992897857477975
106	102319	NH	Right	33	0.3259456634822434	0.6740543365177184	26.869530538156464	79.13838622983549	58.71953939681454	791.4192179628585	0.2851879960914573	0.3554807649138832	106	52.26885569167902	0.348108673035475
107	102319	NH	Right	34	0.3689938871677413	0.6310061128321641	29.538170160583785	82.10181955279901	110.34025210890792	477.2528793577582	0.3556177238868446	0.2660856762365075	107	52.563649392215225	0.26201222566442284
108	102319	NH	Right	34	0.29478161140254494	0.7052183885974503	30.46331750123216	88.46684562161305	73.47252651149343	497.9394711429871	0.28137485890199615	0.25223638556282885	108	58.003528120380885	0.4104367771949054
109	102319	NH	Right	35	0.30953467712862154	0.6904653228712981	28.29962270768564	87.86126257894102	67.23145760053296	536.7241728629529	0.2897381067632507	0.2636805754698771	109	59.56163987125538	0.3809306457426766
110	102319	NH	Right	37	0.32422915191925533	0.6757708480810435	28.213062898744443	76.08406549416883	74.17721906672665	425.9303816851135	0.3052706396046815	0.2712536551301123	110	47.871002595424386	0.35154169616178815
111	102319	NH	Right	37	0.26002174396782973	0.7399782560322328	31.383368107263856	73.04527419353977	88.45032091642527	358.1902241040533	0.2996747527167024	0.2590984057209512	111	41.66190608627591	0.47995651206440304
112	102319	NH	Right	39	0.3482528751901113	0.6517471248100775	31.72748675258219	75.8472547155743	116.1946742145261	357.3232666721485	0.33974841541281464	0.24922452771950654	112	44.1197679629921	0.3034942496199662
113	102319	NH	Right	39	0.3436396111291548	0.6563603888708052	32.54192628163965	78.96006563839431	132.88585630301588	385.26505478894484	0.35423879569334576	0.24858350573799215	113	46.418139356754665	0.31272077774165036
114	102319	NH	Right	40	0.34201393013636905	0.6579860698635432	38.58208115001037	78.3666413471956	201.8313955044059	316.5797306798812	0.3682211341743034	0.22704415113565288	114	39.78456019718523	0.3159721397271742
115	102319	NH	Right	42	0.3831458460887223	0.6168541539112797	28.90743797082189	73.96374987128289	106.37952009851074	429.32651423052323	0.35679553506517936	0.28013987719463557	115	45.056311900461	0.23370830782255742
116	102319	NH	Right	43	0.40801675031088436	0.591983249689329	38.17785235404305	75.00003929185054	190.8226848503185	296.2233465123394	0.3618291125039228	0.2294817489271147	116	36.822186937807494	0.18396649937844467
117	102319	NH	Right	45	0.3827778390814388	0.6172221609184197	40.559539236576036	77.25088250325621	225.8470650885699	279.8551883957089	0.3705221819807715	0.21655251506088122	117	36.69134326668017	0.23444432183698094
118	102319	NH	Right	45	0.39291220806097943	0.6070877919390288	26.03217354524747	67.27451332833334	94.03203743616281	450.98746851304696	0.3725010422906467	0.31566880957672583	118	41.24233978308587	0.2141755838780494
119	102319	NH	Right	46	0.46936599275782986	0.5306340072420032	42.937542837392286	73.74282267241635	177.0477521646504	216.5741945727293	0.3098903274754057	0.19956464174393324	119	30.805279835024066	0.061268014484173294
120	102319	NH	Right	48	0.3827647055935342	0.617235294406404	47.91350000755574	76.85510314084532	302.47104355345255	255.35977276103657	0.36298109445045906	0.20792347835319544	120	28.941603133289576	0.2344705888128698
121	102319	SH	Left	28	0.33583018079358445	0.6641698192064248	39.22312025533311	95.33511752865017	140.78184293073383	587.0571868913103	0.30250404312803564	0.254148352216085	121	56.111997273317066	0.32833963841284036
122	102319	SH	Left	30	0.34794594386018785	0.6520540561398313	36.96197693728728	88.1899021013551	103.61351972266188	577.4436856328906	0.2753930790271604	0.2724808327134706	122	51.22792516406782	0.3041081122796434
123	102319	SH	Left	30	0.31101759519700717	0.6889824048030679	35.9925513892677	89.84973261083286	112.91019820722238	669.8974003759848	0.29522555756776064	0.2880629190369768	123	53.857181221565156	0.37796480960606077
124	102319	SH	Left	31	0.37199539176675556	0.628004608233262	35.17965822252052	88.5975885529892	126.1960651387828	618.8995713378573	0.3193238015519151	0.2807942366075763	124	53.41793033046867	0.25600921646650643
125	102319	SH	Left	32	0.35505118411537556	0.6449488158847068	30.00663359228587	82.65745582100472	95.61023358529839	749.3265061628733	0.32586289718379907	0.3311719261467917	125	52.65082222871885	0.2898976317693312
126	102319	SH	Left	33	0.32732455807998845	0.6726754419199308	28.654664603098546	78.7004613380641	64.489048923481	830.9847980733605	0.2802513133603569	0.36628510741848413	126	50.045796734965556	0.34535088383994234
127	102319	SH	Left	33	0.29204744458149284	0.7079525554186402	35.76407542208152	86.1834194135076	99.19112354464318	542.6973908562954	0.2784770455296283	0.2703056637626704	127	50.419343991426075	0.4159051108371474
128	102319	SH	Left	35	0.293512240984962	0.7064877590150288	34.9993289111746	87.1654231424907	90.63409144048207	560.2384192638202	0.27201075484515386	0.27154524431115895	128	52.166094231316094	0.4129755180300668
129	102319	SH	Left	35	0.3129196894719209	0.687080310528066	34.370456399751305	90.13750557740804	94.64723370779626	666.8724742763062	0.2830535874136671	0.2864942173513072	129	55.76704917765673	0.37416062105614506
130	102319	SH	Left	35	0.3804319056725038	0.6195680943275086	32.46359118374952	82.42634853114957	101.82607811265135	782.4466326381745	0.3108371711312219	0.33936050840573917	130	49.96275734740005	0.2391361886550048
131	102319	SH	Left	36	0.3806677719896248	0.6193322280102717	30.163050188302908	81.69905890471856	83.26800927574058	909.4539504997009	0.3025267864935461	0.36912486657523996	131	51.53600871641565	0.23866445602064684
132	102319	SH	Left	36	0.3578591869666941	0.6421408130333076	33.84905716537354	85.72449841023135	109.51543926470384	869.3822843932987	0.30916555246136895	0.34395406021316904	132	51.87544124485781	0.2842816260666135
133	102319	SH	Left	37	0.34455086408300223	0.6554491359168318	32.24034691368321	83.2697168273311	75.09310770073145	660.4572165955484	0.26878209373271883	0.3086279521755876	133	51.02936991364788	0.3108982718338296
134	102319	SH	Left	37	0.3582484742366313	0.6417515257634567	40.447139318920044	88.6515629253608	177.2600474525422	579.2250040248956	0.3291680082828491	0.27147963337360814	134	48.20442360644076	0.2835030515268254
135	102319	SH	Left	38	0.3389732640764539	0.6610267359234933	30.01482292964039	82.35748901782996	64.33684871960101	685.3140338249748	0.2672354734366088	0.31786427183753774	135	52.342666088189574	0.32205347184703936
136	102319	SH	Left	39	0.3237365494811346	0.6762634505190261	35.02418331078122	87.87676782015274	96.352400419974	559.0129517165767	0.28026137738553825	0.26905239370543743	136	52.85258450937152	0.3525269010378915
137	102319	SH	Left	39	0.3801442980504759	0.6198557019498223	36.18219617203859	88.80268216464158	118.02041237116353	601.5859365764668	0.3002504313020622	0.27619941493685257	137	52.620485992602994	0.23971140389934642
138	102319	SH	Left	40	0.3342727981529991	0.665727201847054	31.048529180708343	84.50121036406712	97.63741148443083	616.2199488409614	0.3182490359743863	0.2937683115453879	138	53.45268118335878	0.33145440369405493
139	102319	SH	Left	41	0.36532268281549907	0.6346773171845176	33.20070982718161	85.92551796679314	104.77930578418915	596.5293738306628	0.308311972232972	0.2842456048153022	139	52.724808139611525	0.2693546343690185
140	102319	SH	Left	42	0.3783166136779368	0.621683386322092	30.154304169776363	78.4199210563603	79.1385152885295	679.0083768971151	0.29501536657580596	0.332285327860385	140	48.26561688658393	0.24336677264415518
141	102319	SH	Left	44	0.3838707478435494	0.6161292521563683	33.923442110932214	76.76203786696335	117.6231734566408	494.68346647396623	0.3197028691418267	0.2897458350476173	141	42.83859575603114	0.23225850431281886
142	102319	SH	Left	44	0.3304019666257855	0.6695980333744448	36.18791870843871	80.2171130338616	110.51800850692243	479.6789630490217	0.2905045368300904	0.27302870439872046	142	44.029194325422885	0.33919606674865926
143	102319	SH	Left	44	0.3592912375769246	0.6407087624232856	35.50602059695576	82.64108958977631	106.70289113700152	607.4856999955778	0.2909283827637572	0.29824419206217134	143	47.13506899282056	0.28141752484636096
144	102319	SH	Left	47	0.36711146171803544	0.6328885382820343	33.59221408157328	81.01976846046176	83.20299236772728	851.123502174521	0.27153814295107176	0.36008521832644436	144	47.42755437888848	0.26577707656399885
145	102319	SH	Left	48	0.5030167752684448	0.49698322473154793	43.54620476989045	86.75618770633005	107.12525698039295	546.7325126572409	0.23768163589213964	0.2695175131540506	145	43.2099829364396	-0.006033550536896859
146	102319	SH	Right	28	0.3584625891288701	0.6415374108711529	32.97567317083345	88.44216102738162	60.821974289772314	655.9534941075931	0.23650296325268969	0.28958574463925724	146	55.46648785654816	0.2830748217422828
147	102319	SH	Right	30	0.31599763573882467	0.684002364261224	28.868818669436706	89.24252188696377	47.015689571718276	823.9264881085379	0.2375157384532274	0.32164173646469774	147	60.373703217527066	0.3680047285223993
148	102319	SH	Right	30	0.3100682392960813	0.6899317607038702	25.715226815898035	82.63972962685787	24.672139478682034	913.0107791970721	0.19315815412500903	0.3656360973718299	148	56.92450281095984	0.3798635214077889
149	102319	SH	Right	31	0.3350288555022181	0.6649711444978148	26.217966175220305	88.88266306848635	94.26721042452083	922.2932176965701	0.3703235482143704	0.3416783405717779	149	62.66469689326605	0.3299422889955967
150	102319	SH	Right	33	0.34564940122399834	0.6543505987759541	28.609184108193077	83.66424841331502	54.11521832702875	906.7807784381213	0.2571308792786833	0.35992435810572115	150	55.055064305121945	0.3087011975519558
151	102319	SH	Right	33	0.33584873349828825	0.6641512665018654	26.229945991112555	80.0290612121256	45.22710363698614	800.1324250625855	0.25639053687779206	0.35345425385050105	151	53.79911522101304	0.32830253300357715
152	102319	SH	Right	34	0.34233532202958616	0.6576646779705848	33.5958607963931	89.2482345461995	83.80643565741696	591.6846852542407	0.2724914701374057	0.2725495882772788	152	55.6523737498064	0.31532935594099865
153	102319	SH	Right	34	0.3368479188718444	0.6631520811280519	33.88952137382855	88.01308007094549	92.00547668976897	714.7379180337246	0.28303582186244086	0.3037569278182028	153	54.12355869711694	0.3263041622562075
154	102319	SH	Right	34	0.3443660620388182	0.6556339379611484	25.295978583941118	73.37012034062137	44.389634489156556	1052.8488666911694	0.2633839457825838	0.44224586973211355	154	48.07414175668025	0.31126787592233024
155	102319	SH	Right	35	0.3134961193292766	0.6865038806708376	30.381431223451628	85.3681897469824	45.56233075045261	726.6116967986068	0.22217476896791113	0.3157585508052489	155	54.98675852353077	0.37300776134156094
156	102319	SH	Right	36	0.3160002498294776	0.68399975017054	25.60171554487846	78.34688476824998	48.861154748525976	1011.8734263346046	0.2730315253406125	0.40601433060826314	156	52.74516922337152	0.36799950034106244
157	102319	SH	Right	36	0.33029937958754085	0.6697006204124013	27.36111130202343	82.89762845840315	46.89064299038696	920.0186121627511	0.2502703271232927	0.3658947686578474	157	55.536517156379716	0.33940124082486045
158	102319	SH	Right	37	0.36310381081874077	0.6368961891811157	30.51656348054764	86.44008915207672	79.58811577137746	725.3387687693236	0.2923401638720503	0.3115697165896176	158	55.923525671529084	0.2737923783623749
159	102319	SH	Right	37	0.35424655606661454	0.64575344393336	34.68554513410547	91.14690585935469	100.52144839638116	637.6024045196853	0.2890552384525034	0.277033980891334	159	56.46136072524922	0.29150688786674545
160	102319	SH	Right	38	0.3624011937974138	0.6375988062026114	28.07514749807582	79.03836453510428	75.01338828096304	878.1775517973609	0.30849444252098557	0.3749326146153717	160	50.96321703702846	0.27519761240519763
161	102319	SH	Right	38	0.3594155843276952	0.64058441567234	32.35567922523811	88.2159482907645	91.03789129510284	735.1938656047319	0.2948903586463397	0.30736458807454353	161	55.86026906552639	0.2811688313446448
162	102319	SH	Right	39	0.31135179610184266	0.6886482038982835	34.34370112939167	89.78583525870619	80.11906752530211	604.5198172396496	0.26062786531062676	0.27384035178143895	162	55.44213412931452	0.37729640779644086
163	102319	SH	Right	39	0.33410691245730906	0.665893087542697	29.029010491627098	84.5150535432868	68.80014373801392	695.514596386336	0.2857343417991176	0.3120463114921922	163	55.4860430516597	0.331786175085388
164	102319	SH	Right	40	0.35422076912722783	0.6457792308732141	30.544741053600827	82.36589350305495	94.38406341732633	574.7294145616289	0.318062807149722	0.2910611885165257	164	51.82115244945412	0.29155846174598626
165	102319	SH	Right	41	0.3734942102264621	0.6265057897734954	26.3857137312087	79.56864131605029	73.36055736152412	785.6029936303048	0.3246104261693572	0.3522569922741884	165	53.18292758484159	0.25301157954703324
166	102319	SH	Right	41	0.3652206810312262	0.6347793189687659	27.728100413809578	82.79280006775335	63.290560731009705	761.524554590694	0.2869124232886145	0.3333107991564285	166	55.06469965394377	0.26955863793753976
167	102319	SH	Right	43	0.35449189029601763	0.645508109704208	31.477833717888274	77.44031925067581	82.74391271829747	610.0709393088928	0.28897694127995666	0.31895031415203245	167	45.96248553278754	0.2910162194081904
168	102319	SH	Right	44	0.35654613761882514	0.6434538623812371	32.60600808936954	78.50979870909696	97.24577327101612	548.3617515466194	0.3024389593670636	0.2982700957313953	168	45.90379061972742	0.286907724762412
169	102319	SH	Right	44	0.37246855243160987	0.6275314475684389	28.47482804125355	80.22604240207147	66.82414363997474	1120.1495756729407	0.2870817539297501	0.41717919392141134	169	51.751214360817926	0.25506289513682906
170	102319	SH	Right	46	0.48732958242443236	0.5126704175756753	31.0663119721178	81.66574950158005	138.12933751404378	1036.790496510727	0.37831474221802114	0.39428072967701105	170	50.59943752946225	0.02534083515124297
171	103119	NW	Left	28	0.3668754747890425	0.6331245252110018	27.980530720291192	65.18029026550636	45.8760419819187	358.11347801169325	0.24206779992318922	0.29033142324746064	171	37.199759545215166	0.26624905042195934
172	103119	NW	Left	29	0.5741068933725102	0.4258931066275579	29.149597258174865	66.9950025274066	118.93244570993988	556.1330726964221	0.3741257634771751	0.35200347721958397	172	37.84540526923173	-0.14821378674495228
173	103119	NW	Left	30	0.33314798811536134	0.6668520118847278	26.99338021176954	64.30438518584488	50.60867912980583	450.8651763053612	0.26354527196172906	0.33020432406037586	173	37.31100497407534	0.3337040237693664
174	103119	NW	Left	31	0.32059216113876243	0.6794078388612164	27.136338552215566	68.18106107594357	53.723552694131214	487.8445384279404	0.27010406072235216	0.3239492418890135	174	41.04472252372801	0.35881567772245393
175	103119	NW	Left	32	0.3476983457217335	0.6523016542782599	26.766895402679285	72.02427258711609	52.78717760120204	425.60380824826734	0.27143523276347237	0.2864335409491747	175	45.257377184436805	0.3046033085565264
176	103119	NW	Left	34	0.31790246427110835	0.6820975357287388	23.000176047373383	65.83009904028096	34.59553633431738	569.3291881950529	0.2557283483666642	0.36245760491656154	176	42.82992299290757	0.3641950714576304
177	103119	NW	Left	35	0.37685436079486695	0.6231456392051624	22.235372710022332	59.366490609373784	54.41384010688712	479.4751961906112	0.3317494981461804	0.36884312760279847	177	37.13111789935145	0.24629127841029547
178	103119	NW	Left	36	0.2701840283348661	0.7298159716652161	25.63285301121166	62.55791667915051	27.32129674601839	339.7161430317773	0.20391712857359884	0.2946292193384635	178	36.92506366793884	0.45963194333034996
179	103119	NW	Left	37	0.33534719796243895	0.6646528020376117	24.704013431937128	66.55618825507686	38.15408995351852	294.21930891896267	0.25003628341758627	0.2577194192599544	179	41.852174823139734	0.32930560407517273
180	103119	NW	Left	39	0.3528222309769535	0.6471777690230038	18.93934991493372	57.95734029256842	24.137598131069343	471.59710046134524	0.2594071595254585	0.37469432544630604	180	39.017990377634696	0.29435553804605036
181	103119	NW	Left	41	0.4021280158710224	0.5978719841287413	26.053721319717262	64.6894853928428	61.73682209610208	382.5746439752016	0.30157988533173385	0.30236004065045125	181	38.635764073125536	0.1957439682577189
182	103119	NW	Left	41	0.3687439053399395	0.6312560946600925	23.67927939219201	61.88303846815971	39.75509460040448	398.0199942527238	0.2662734797447595	0.32238944533882635	182	38.203759075967696	0.26251218932015297
183	103119	NW	Left	43	0.3782957342234937	0.6217042657765696	25.728769502453634	61.06495432729217	47.86602235189775	329.9309403535114	0.26890238451746024	0.2974537755905577	183	35.33618482483854	0.24340853155307585
184	103119	NW	Left	43	0.3712335052232883	0.6287664947767733	23.423263730100558	60.71342034409317	39.68392828623484	408.6212332183353	0.2689427985831461	0.3329475052887556	184	37.290156613992615	0.25753298955348497
185	103119	NW	Left	44	0.40484934794589583	0.595150652054188	27.902869111697978	62.50287876545112	61.77620125820494	353.2336772736409	0.28168371362149347	0.3006983400385521	185	34.60000965375315	0.1903013041082922
186	103119	NW	Left	45	0.43706989830848403	0.5629301016913912	26.097240190847526	59.26445473605491	53.230549821683155	350.68262276521	0.2795669917712072	0.3159823538620684	186	33.167214545207386	0.1258602033829072
187	103119	NW	Left	46	0.5495681995010868	0.45043180049858483	23.398285953899936	55.67771654242936	52.31170862119046	464.39869524259575	0.3091116749612071	0.38704733348687254	187	32.27943058852942	-0.09913639900250198
188	103119	NW	Left	47	0.4066989922388974	0.5933010077612753	27.534075608339332	58.91287757298956	39.32578691369071	354.71691867388273	0.22775515218186781	0.31969122474974354	188	31.378801964650226	0.18660201552237787
189	103119	NW	Right	28	0.3311653788958711	0.668834621104076	28.954194763571607	72.71528976964636	45.70312259588634	422.7374639142225	0.2334863227552852	0.2827545679189554	189	43.761095006074754	0.3376692422082049
190	103119	NW	Right	29	0.3360564166862118	0.6639435833138726	20.547428706417005	60.16684112187465	25.331767355113858	603.0287137918136	0.24494877009645233	0.40814246699296947	190	39.619412415457646	0.3278871666276608
191	103119	NW	Right	30	0.3475126049694932	0.6524873950304694	25.97734945017844	67.95086851515234	41.86109885706197	461.59312385157875	0.24906372299510635	0.31618018796667874	191	41.9735190649739	0.30497479006097616
192	103119	NW	Right	31	0.3197812550020775	0.6802187449979397	27.26240698356185	72.00878335896029	54.23670747933684	509.15359601666466	0.27013599809391464	0.31335666356125136	192	44.74637637539844	0.36043748999586217
193	103119	NW	Right	32	0.34740529588471764	0.6525947041153323	28.926925891861046	72.49991602059215	73.06767744250048	447.32294995120964	0.2955019618231923	0.29172462256555615	193	43.57299012873111	0.30518940823061463
194	103119	NW	Right	34	0.31115552845565175	0.6888444715443097	25.937344589049232	66.51168971295671	40.16350177768196	584.4857030525201	0.24433758309878545	0.3634870686732137	194	40.57434512390748	0.37768894308865797
195	103119	NW	Right	35	0.32159644716527636	0.6784035528347784	18.20014459157506	58.37245029789625	22.740309604992966	496.80707026693534	0.2620133068437742	0.38184399036218675	195	40.17230570632119	0.356807105669502
196	103119	NW	Right	36	0.2871606101551011	0.7128393898451341	26.787761545232883	63.06907276165366	30.15283301734921	314.31648946307956	0.20498762182023522	0.28110407190182957	196	36.281311216420775	0.425678779690033
197	103119	NW	Right	37	0.30852858169070185	0.6914714183094973	26.087229035963134	67.19428558025699	41.227931143621554	349.7348777652792	0.24613185219821818	0.2783153320294623	197	41.107056544293854	0.38294283661879547
198	103119	NW	Right	40	0.2849240256242684	0.715075974375699	29.909753014374584	68.98686601258841	37.6350556026375	365.5810121695338	0.20510840350370485	0.27715671136752873	198	39.07711299821382	0.43015194875143065
199	103119	NW	Right	41	0.3596236759564454	0.6403763240436305	26.37355088391483	64.97399464888987	47.784082043098294	330.39926071201177	0.26210361893114165	0.2797563577598334	199	38.60044376497504	0.28075264808718514
200	103119	NW	Right	43	0.40479971054318703	0.595200289456598	25.398547453436557	60.74042398512613	51.8028793000864	341.87769431884385	0.28337926510071026	0.3044090530359087	200	35.34187653168957	0.19040057891341094
201	103119	NW	Right	43	0.4061670349189804	0.5938329650810638	25.42062348890996	62.795525210174645	59.253034088162764	393.66188603569265	0.3028092228033004	0.315960641767778	201	37.374901721264685	0.18766593016208338
202	103119	NW	Right	44	0.3771738633818487	0.6228261366184017	27.151645765829144	62.19462463252609	51.01970128839302	280.95714116672036	0.263070891652323	0.2695052232038906	202	35.04297886669695	0.24565227323655298
203	103119	NW	Right	45	0.41079296730893167	0.5892070326910414	27.544802674721172	59.97841013378671	54.38868699291341	275.7896161928625	0.26774084010000176	0.27688154242813706	203	32.43360745906554	0.1784140653821097
204	103119	NW	Right	46	0.5422672920857181	0.4577327079138852	21.55565177935944	51.08770168791884	46.184842940735784	412.81429995347713	0.31527430454318156	0.39770495436187364	204	29.532049908559397	-0.0845345841718329
205	103119	NW	Right	47	0.42224041487736763	0.5777595851227775	28.078851163923733	59.462424087554076	41.65341668450244	247.9718459196381	0.22985077933527284	0.26482475397438593	205	31.383572923630343	0.15551917024540984
206	103119	SW	Left	28	0.3647754720360939	0.6352245279639508	18.024611517612502	50.65422247263647	16.336611714475005	539.7505694640608	0.22424103035487797	0.45864947545642254	206	32.62961095502396	0.2704490559278569
207	103119	SW	Left	29	0.3520677965341251	0.6479322034658032	21.081130264132174	55.54104741269658	18.45541706952676	498.0906303455224	0.20378304166446062	0.4018279303891351	207	34.4599171485644	0.29586440693167804
208	103119	SW	Left	30	0.3496532081658295	0.650346791834133	20.347971200523837	56.32355054763294	28.444754495992505	537.6341028996636	0.26210782136596755	0.411673944032932	208	35.975579347109104	0.3006935836683035
209	103119	SW	Left	30	0.33983589935634917	0.6601641006436769	22.246323546061166	55.14220158183126	22.510482721199327	458.8230792091096	0.21327215382770182	0.38845304132846015	209	32.895878035770096	0.32032820128732775
210	103119	SW	Left	32	0.3353965860784861	0.6646034139215626	20.817834606821435	59.09606047227833	27.230288347574437	520.8850403824325	0.2506631922854437	0.3862001267691925	210	38.278225865456896	0.32920682784307653
211	103119	SW	Left	33	0.2954571489513767	0.7045428510486418	21.985000607987683	59.943556012787916	21.81690599489534	474.0143705831496	0.2124565369605617	0.36320619819924604	211	37.95855540480024	0.4090857020972651
212	103119	SW	Left	35	0.31995978072592524	0.6800402192739801	20.034063033000063	56.388646195777206	22.30640808588748	502.91523511149444	0.2357467887843054	0.39770012556671924	212	36.354583162777146	0.3600804385480548
213	103119	SW	Left	37	0.3094330564042326	0.6905669435958375	23.671629531328378	58.21635436057314	33.78168887104668	414.83130280278976	0.24553450008573663	0.34985715063143247	213	34.544724829244764	0.3811338871916049
214	103119	SW	Left	39	0.3752894789672295	0.6247105210328155	18.39675758833368	56.296125138707446	30.665524721783605	451.47798151500496	0.3010120728551933	0.37743292605572804	214	37.89936755037377	0.24942104206558607
215	103119	SW	Left	40	0.3657088516551067	0.6342911483450329	21.248032565841047	59.92414537913369	34.4057537069819	395.54099489438585	0.27605576093744033	0.33188979726255957	215	38.67611281329265	0.26858229668992617
216	103119	SW	Left	40	0.3532144643521489	0.6467855356480267	20.513516029026096	58.20502125379753	32.43886855943202	391.85531152159894	0.27764684570915416	0.34009669911140267	216	37.69150522477143	0.29357107129587773
217	103119	SW	Left	42	0.36496242961968245	0.6350375703802531	20.588348432251948	60.10936481013849	41.014342250346814	425.04670355551787	0.3110615745686027	0.3429858373931193	217	39.52101637788654	0.27007514076057065
218	103119	SW	Left	42	0.3962833125154772	0.6037166874844363	17.328915841217487	52.374166401032284	26.857895022735644	479.06740681719435	0.29906431381691195	0.4179084847769489	218	35.0452505598148	0.20743337496895908
219	103119	SW	Left	43	0.3822048765591365	0.6177951234408215	20.18602210184286	57.43947782803089	31.793024644272702	449.93899749872475	0.27932845479153257	0.3692889689496568	219	37.25345572618803	0.23559024688168506
220	103119	SW	Left	45	0.38322285063702766	0.6167771493631297	21.006618553604092	55.27268988333662	32.830392031787014	439.81763878458423	0.27276075565449875	0.37942480621553726	220	34.266071329732526	0.233554298726102
221	103119	SW	Left	46	0.4143878103625737	0.585612189637443	22.271971857223114	55.86435489659088	40.388417994227744	427.06041484830075	0.2853446616422134	0.36992175325455195	221	33.59238303936777	0.17122437927486928
222	103119	SW	Left	46	0.40170307645140835	0.5982969235484884	21.88349924896507	54.31460710914491	33.949361936446515	425.5680175960849	0.2662557771252196	0.3798112713377339	222	32.431107860179836	0.19659384709708005
223	103119	SW	Left	48	0.5547291123625596	0.44527088763738126	32.095008730215966	64.48121051008724	123.43243807217438	342.8092880324487	0.3461602178752281	0.2871396113058683	223	32.38620177987127	-0.10945822472517835
224	103119	SW	Right	28	0.6813022843299319	0.3186977156700925	25.639808687758233	65.38285594985456	139.12594667777964	664.1964125805375	0.4600333171631428	0.3941707339094022	224	39.743047262096326	-0.3626045686598394
225	103119	SW	Right	29	0.3444439311970162	0.655556068802895	20.04727893021069	59.9334320758875	29.202365644409376	603.262284241192	0.26955884336677627	0.40981130905218494	225	39.886153145676815	0.31111213760587875
226	103119	SW	Right	30	0.3368036511287179	0.6631963488714459	21.999847239931405	58.99030570236591	32.382231971369464	439.9829891341286	0.2586626511530674	0.3555799758813105	226	36.9904584624345	0.32639269774272794
227	103119	SW	Right	31	0.32439206115527797	0.6756079388446294	17.50843254658353	52.59453687014477	17.720993971104416	556.3752781629897	0.24043449267059314	0.4484802030028331	227	35.086104323561244	0.3512158776893515
228	103119	SW	Right	32	0.3380875528387111	0.661912447161334	19.826772178958883	57.79912210641468	29.058544044236193	573.0680682151315	0.27188478769805174	0.4141730754338453	228	37.972349927455795	0.3238248943226229
229	103119	SW	Right	33	0.33226202025092605	0.6677379797490216	23.150434470322605	62.05092686277775	39.711161488230054	442.81712775051864	0.27220565849287487	0.33912822151023436	229	38.90049239245515	0.33547595949809556
230	103119	SW	Right	34	0.3388385001138022	0.6611614998861433	22.64044640585359	66.77411332627968	45.29120217672332	484.82181860405797	0.29725005151167205	0.3297485908368125	230	44.13366692042608	0.3223229997723411
231	103119	SW	Right	35	0.3478274088327856	0.6521725911672241	20.379871509765266	60.38251006155449	39.64592676384521	532.8998140248867	0.30895686214290513	0.3823064471414002	231	40.002638551789225	0.3043451823344385
232	103119	SW	Right	37	0.34633828524253846	0.6536617147576105	23.880248987940234	62.8870896118171	45.28363439502284	403.93156718458073	0.2817940293433713	0.3195894254972979	232	39.00684062387687	0.307323429515072
233	103119	SW	Right	38	0.4140543359079957	0.5859456640920337	23.40117113732165	60.07374911720641	55.017008062221606	467.77309795108135	0.31696469541011174	0.3600251866971332	233	36.672577979884764	0.17189132818403807
234	103119	SW	Right	40	0.3542728103679488	0.6457271896320101	22.69091902521839	59.26108589519268	42.21263314902546	373.9342994254768	0.2863315048546961	0.3263082441231454	234	36.57016686997429	0.29145437926406137
235	103119	SW	Right	40	0.3985716070717243	0.6014283929281935	21.345336088714614	56.680992740067325	42.79005609690552	394.41870407457054	0.30645621306752985	0.3503816091407377	235	35.33565665135271	0.2028567858564692
236	103119	SW	Right	41	0.4132280401783627	0.5867719598216695	23.223346883840023	59.951385298558726	44.129262762763055	391.1054274170593	0.28604774392155524	0.329873705202098	236	36.728038414718704	0.17354391964330684
237	103119	SW	Right	42	0.40374178907131253	0.5962582109285443	20.854096023195734	56.07679934745653	42.34524726468128	488.7022757969743	0.31204050181756476	0.39422028080872473	237	35.22270332426079	0.19251642185723172
238	103119	SW	Right	43	0.40708548376902925	0.5929145162310766	23.27833192636562	57.23415529537043	41.70865135366052	388.9448555647029	0.27743497966930425	0.3445789459993274	238	33.955823369004804	0.18582903246204735
239	103119	SW	Right	45	0.35699739037003153	0.6430026096299024	21.853322728726056	55.14456533364801	35.33832800538665	397.3516982901191	0.27202293322956494	0.36148045390146455	239	33.291242604921955	0.2860052192598709
240	103119	SW	Right	47	0.34955461579064917	0.6504453842093979	21.48220069333845	54.3767171541892	26.610650457920862	401.14765254188103	0.24013141256830067	0.36833173849825546	240	32.89451646085075	0.30089076841874873
241	103119	SW	Right	48	0.35164228271846537	0.6483577172814794	23.237330468007574	53.510046102194934	28.30520338171373	351.5870199706712	0.2289532989396387	0.35041371144912437	241	30.27271563418736	0.296715434563014
242	103119	NH	Left	28	0.3592204131515624	0.6407795868484887	20.6742138798109	49.70824019273176	21.25207460989781	360.5493349428563	0.2229829522414791	0.3819917304651307	242	29.034026312920858	0.2815591736969263
243	103119	NH	Left	29	0.6375112639878882	0.36248873601215437	25.51087232655646	56.55257868647707	88.62484161224766	367.46419362691125	0.3690221431511929	0.33896519013627135	243	31.04170635992061	-0.2750225279757338
244	103119	NH	Left	31	0.34172152590495825	0.6582784740951205	24.414642266028846	54.99002551716935	22.871024537536485	305.8837116888703	0.19588105964261576	0.318049161171713	244	30.575383251140504	0.3165569481901623
245	103119	NH	Left	32	0.34862610221430235	0.6513738977857927	21.593168071063996	51.334751514997706	22.973636881355375	357.9295836507529	0.2219721614890983	0.36854229286638396	245	29.74158344393371	0.30274779557149034
246	103119	NH	Left	33	0.622910802654312	0.3770891973455684	27.174967054968015	61.91004768363912	110.77187117941943	380.81149809901206	0.3872984150608732	0.31520557334731336	246	34.735080628671106	-0.24582160530874358
247	103119	NH	Left	33	0.2696551757606155	0.7303448242395784	26.34758801382087	55.8613708882419	25.89412957605797	287.5786928520189	0.19313447105707407	0.30357553090809564	247	29.51378287442103	0.4606896484789629
248	103119	NH	Left	35	0.30520137741952463	0.6947986225805121	23.285560539429607	60.81488776491836	23.599713428648066	482.2844336294603	0.20862515280193797	0.3611118272226834	248	37.52932722548876	0.3895972451609874
249	103119	NH	Left	36	0.43230699366520225	0.5676930063349594	22.180295769128723	57.297385903662715	40.62238617846662	565.7787099161692	0.28735276616702443	0.4151341796650711	249	35.117090134533996	0.1353860126697572
250	103119	NH	Left	37	0.34550326793412817	0.6544967320659058	24.781611522258142	61.90760814039774	32.928520182086444	454.5306396763147	0.2315562791030159	0.3443797108895145	250	37.125996618139595	0.3089934641317776
251	103119	NH	Left	40	0.31164822029319184	0.6883517797069161	24.81597281194975	63.47201159085192	26.786501862368922	394.6205812194504	0.20855792440059467	0.3129735265641871	251	38.65603877890217	0.37670355941372424
252	103119	NH	Left	42	0.30953544624797125	0.6904645537519651	26.56959310373862	62.61605151090682	30.986383720625618	385.4406746870613	0.2095079675782024	0.31354010059653714	252	36.0464584071682	0.3809291075039939
253	103119	NH	Left	42	0.33599930177584597	0.6640006982241404	25.951700288578238	61.71544916896976	32.05780504150715	412.7808427807362	0.2181730358070056	0.32920458297066874	253	35.763748880391525	0.32800139644829446
254	103119	NH	Left	43	0.3211090805413256	0.6788909194587903	23.91358490362039	55.283997640265085	22.446992200773334	398.9444529270116	0.19812277004528445	0.36129069429963256	254	31.370412736644695	0.35778183891746473
255	103119	NH	Left	43	0.32131351550487336	0.6786864844950506	22.18183362765894	55.317904585956924	19.659716611423313	406.4746385386569	0.19989005296810206	0.3644609525218875	255	33.136070958297985	0.3573729689901773
256	103119	NH	Left	44	0.3493261865490865	0.6506738134508308	25.721409482907017	57.43111274408323	34.46215109361797	380.00390740521505	0.22823194308662245	0.33942732398472797	256	31.709703261176212	0.30134762690174427
257	103119	NH	Left	45	0.35958710647737335	0.64041289352258	22.890330270940055	54.36628817861737	22.49698817221707	475.38227088169504	0.2072097234492657	0.401043800853295	257	31.475957907677312	0.28082578704520667
258	103119	NH	Left	46	0.44396303811778226	0.55603696188223	21.948048852584883	51.757671318966956	34.46471408514488	460.7906623558795	0.2674800660726613	0.4147411299612213	258	29.809622466382073	0.11207392376444769
259	103119	NH	Left	47	0.6566884484045102	0.3433115515952627	24.22611796970362	53.3823690814825	67.87042305496091	431.67041102306723	0.34006070468167415	0.38920489773957867	259	29.156251111778882	-0.3133768968092475
260	103119	NH	Right	28	0.34956672940026984	0.650433270599786	16.916208938626855	48.87485401450326	13.301709457957285	369.5054338265932	0.21560095892531528	0.3933009011473856	260	31.958645075876408	0.3008665411995161
261	103119	NH	Right	29	0.3050349780754898	0.6949650219245198	15.031996671250955	46.02557089763328	11.010865137511187	424.8260728921503	0.22074661402344015	0.4478230023540821	261	30.993574226382325	0.38993004384903
262	103119	NH	Right	30	0.31122943975553163	0.6887705602444861	17.72679895569917	53.44410819577384	14.42912535989062	427.3921020586748	0.21428397006691347	0.38682400015514357	262	35.71730924007467	0.3775411204889545
263	103119	NH	Right	31	0.3102753122733971	0.6897246877265834	21.072339311179274	54.549565361059386	18.115535026599545	347.7837818858969	0.20198207606274599	0.3418718706286755	263	33.477226049880116	0.37944937545318624
264	103119	NH	Right	32	0.32125625877404684	0.6787437412258122	16.77250818484565	50.528057102913515	15.437548700025273	484.73189027329363	0.2342562343977479	0.43573073750778357	264	33.755548918067866	0.3574874824517653
265	103119	NH	Right	34	0.3292979227488958	0.670702077250964	22.912563060393275	59.35450503855977	29.349834124172165	372.5538613824711	0.23644446519809492	0.3251927441146368	265	36.4419419781665	0.3414041545020682
266	103119	NH	Right	35	0.3236929407407285	0.6763070592592701	21.500321738710486	61.79828452955177	31.232408211090494	606.6176489102995	0.25993082023287717	0.39854842862835493	266	40.29796279084128	0.35261411851854163
267	103119	NH	Right	36	0.3857878467386913	0.6142121532613913	17.863765597697864	53.47608721333774	27.984381163683384	615.2531085894333	0.29613166082028736	0.46383902533984206	267	35.61232161563988	0.22842430652270002
268	103119	NH	Right	37	0.41464161673673805	0.5853583832633991	23.822732389306097	62.46421345659073	53.435260012807476	572.5913978285669	0.30684736014544134	0.3830814599376273	268	38.64148106728463	0.170716766526661
269	103119	NH	Right	40	0.4017634201083557	0.5982365798916508	23.56038927398416	62.34530524946007	52.95435076943353	582.4081017532684	0.3088647614114562	0.38708821403338384	269	38.78491597547591	0.1964731597832951
270	103119	NH	Right	41	0.4443475728308834	0.5556524271693247	23.3181273835453	60.71376695793564	46.73163667100459	472.11936978927906	0.2931648009997342	0.3578810724054705	270	37.395639574390344	0.11130485433844134
271	103119	NH	Right	43	0.3847872997386933	0.6152127002610773	23.72230063108631	60.64513796598177	37.4905711149798	480.50243366431016	0.2581096386282598	0.3614529781536468	271	36.92283733489546	0.23042540052238403
272	103119	NH	Right	45	0.37602456588377525	0.6239754341161575	24.161545063052685	57.1957032116711	31.827697367764475	424.24911346903536	0.2334951731656077	0.36011985598422525	272	33.03415814861842	0.24795086823238227
273	103119	NH	Right	45	0.3182762110741937	0.6817237889257384	21.66088313112521	55.45981051702495	21.564940667207672	493.00516307876813	0.21438676677744997	0.40035693181354265	273	33.79892738589974	0.3634475778515447
274	103119	NH	Right	46	0.4598827487581919	0.540117251242073	26.843117689530693	57.92149795374031	54.3865966151581	406.0056579766793	0.27473436466668083	0.3478774339632469	274	31.078380264209613	0.08023450248388109
275	103119	SH	Left	28	0.3498604183103281	0.6501395816896306	25.25854937771671	63.35276541088771	43.065838903249386	310.4733855823091	0.2598113088484801	0.27812921608626046	275	38.094216033171	0.3002791633793025
276	103119	SH	Left	29	0.35096799821406677	0.6490320017859812	22.711517604686605	59.92762223234687	29.73097724839559	372.38969085469745	0.24008135698363609	0.3220117939551334	276	37.216104627660265	0.2980640035719144
277	103119	SH	Left	30	0.3738933035103631	0.6261066964896734	24.91379152861238	58.71337822685138	33.724836872765366	357.4243891143452	0.2330961512481016	0.3219993703291943	277	33.799586698239004	0.25221339297931034
278	103119	SH	Left	31	0.3655936555031005	0.6344063444968856	24.124347119652448	60.109863236979265	28.883223550456126	337.3226017664454	0.22277541532243345	0.3055462661007253	278	35.98551611732682	0.2688126889937851
279	103119	SH	Left	32	0.35386937416707637	0.646130625833034	20.36427916923872	54.7976883612517	20.889334516190768	466.71990590368324	0.22443638260362592	0.3942447547425988	279	34.43340919201298	0.2922612516659577
280	103119	SH	Left	33	0.34317823229336153	0.6568217677065973	25.025376741090678	61.735054827408284	30.44261744116173	444.8949916980326	0.2204755175939088	0.34166218992421576	280	36.70967808631761	0.31364353541323575
281	103119	SH	Left	34	0.33914629447672284	0.6608537055233629	26.46256240573718	66.8555493499151	47.32416415867769	475.595000451033	0.259961827221684	0.32619791332599796	281	40.39298694417791	0.32170741104664
282	103119	SH	Left	35	0.33844045412791823	0.6615595458721354	22.809246388741652	62.667555105337705	30.96040173237914	685.9241246956307	0.24394524493615788	0.41792205164297885	282	39.858308716596056	0.32311909174421716
283	103119	SH	Left	37	0.33805037728833365	0.6619496227116396	27.50597426906986	69.78332246988187	46.33013079752002	542.326191652091	0.24745984169201496	0.3337172427633091	283	42.27734820081201	0.32389924542330595
284	103119	SH	Left	39	0.32769466920587087	0.6723053307942162	24.894580135381975	69.60325498030136	45.40183720535197	587.6062892905967	0.27066487989620575	0.3482680770523326	284	44.708674844919386	0.3446106615883453
285	103119	SH	Left	40	0.3175689190281588	0.682431080971849	23.70260514509099	65.26123422393871	41.57225475843089	558.9031443843342	0.2720230515538025	0.36225383643819203	285	41.55862907884773	0.3648621619436902
286	103119	SH	Left	41	0.33514186988402855	0.6648581301161196	20.299440585725957	62.41828357778231	24.766655157519423	628.7356240082356	0.24515999784900658	0.40171885121154366	286	42.11884299205636	0.32971626023209105
287	103119	SH	Left	42	0.3246810136203291	0.6753189863796182	24.974370061040975	67.46420217047667	38.407189228542144	521.1537797793882	0.24814853748143983	0.3383837953353882	287	42.489832109435696	0.3506379727592891
288	103119	SH	Left	43	0.3625348259023476	0.6374651740976228	25.20453281166341	62.3616189924148	46.93532352671233	459.3680219015194	0.2718136460253771	0.3436869152315364	288	37.15708618075139	0.27493034819527523
289	103119	SH	Left	43	0.3745429212455706	0.6254570787546622	25.549927167000945	61.15436793503053	43.9736064997081	485.0044228909435	0.2595412407240185	0.3601184462453955	289	35.60444076802958	0.2509141575090916
290	103119	SH	Left	44	0.48760114949767613	0.5123988505022614	23.536648854434294	57.551551810524806	65.7474335101075	520.1390857109008	0.34450440086737366	0.396280503940597	290	34.01490295609051	0.024797701004585282
291	103119	SH	Left	45	0.5309883186202752	0.46901168137981464	27.014545088575865	60.85553916875601	86.25275617246807	482.4321816508827	0.34378651079277145	0.3609258772850716	291	33.840994080180145	-0.06197663724046054
292	103119	SH	Left	47	0.4480235896496836	0.551976410350403	27.848615740022932	60.30660451365467	52.06503863442705	379.8684015226721	0.259101236017838	0.323185381183149	292	32.45798877363174	0.10395282070071943
293	103119	SH	Right	28	0.29192901028900575	0.7080709897110603	24.033814107048087	58.04339319503382	26.589876897320362	318.3499805678856	0.21455343185327638	0.3073969970974462	293	34.009579087985735	0.41614197942205455
294	103119	SH	Right	29	0.3480978412818958	0.6519021587181038	23.758148127419656	62.317361978063	33.7926556727461	352.2224431717717	0.2446800585913309	0.3011615003870905	294	38.559213850643346	0.30380431743620795
295	103119	SH	Right	30	0.3287407925295854	0.671259207470451	24.251840727480246	63.31189777439744	34.49746682735437	416.6145041528945	0.2421859225574477	0.32239022182700905	295	39.060057046917194	0.3425184149408656
296	103119	SH	Right	31	0.3105747283301379	0.689425271669893	23.23889456441258	61.32265847951738	27.40527751640008	413.49866204819	0.22526910655670251	0.3316011897328961	296	38.0837639151048	0.3788505433397551
297	103119	SH	Right	32	0.3276415657147875	0.672358434285123	18.848258957870836	59.304921108593355	23.120069224808972	533.6823573484867	0.25510755774534705	0.38953877168107504	297	40.45666215072252	0.3447168685703355
298	103119	SH	Right	33	0.31535176023778605	0.6846482397622107	22.761378365121594	66.70715205074161	34.81171500512274	451.5035678951722	0.2592174007646296	0.3185357591166816	298	43.94577368562002	0.3692964795244246
299	103119	SH	Right	32	0.31120659376003684	0.6887934062400026	24.930004451961047	73.11598320327967	40.37715151332812	556.8557708255883	0.2548857070554436	0.3227446396480765	299	48.18597875131862	0.3775868124799658
300	103119	SH	Right	35	0.30273823749337564	0.697261762506589	22.158524129326963	68.20815000523552	32.57052102886414	713.608910770918	0.2575559113947261	0.3916461501164683	300	46.04962587590856	0.39452352501321336
301	103119	SH	Right	37	0.32229777747421	0.6777022225257955	25.704084551453985	70.58806044912792	50.61818266346289	522.1793895535933	0.2767904700682437	0.32372677006136524	301	44.883975897673935	0.35540444505158547
302	103119	SH	Right	40	0.3864630292598061	0.613536970740137	19.396585456470184	61.77846350137238	34.842059802375736	688.4809427049636	0.30431728926567364	0.4247260111828396	302	42.381878044902194	0.22707394148033094
303	103119	SH	Right	41	0.3366894377319318	0.663310562268119	24.532889707760095	69.94735893634258	58.212871029301525	567.4838473430934	0.31100029652632116	0.3405692485679849	303	45.41446922858249	0.32662112453618725
304	103119	SH	Right	41	0.37805347069889506	0.6219465293010218	21.72736219967517	64.50189937529589	41.58951521862736	586.8136297411603	0.2968143712053114	0.3755584974480549	304	42.77453717562072	0.24389305860212673
305	103119	SH	Right	43	0.3982331472409504	0.6017668527589753	21.4410132629292	60.22159139479494	43.848028874390955	586.2257051610653	0.30883728938039623	0.4020501245710117	305	38.78057813186574	0.20353370551802497
306	103119	SH	Right	44	0.3861801143869818	0.6138198856131275	23.89678131723582	64.02500426567057	40.220136643394135	510.9966397373661	0.26538865996666483	0.35306885248080333	306	40.128222948434754	0.2276397712261457
307	103119	SH	Right	45	0.38828273613202663	0.6117172638679896	25.548712393786108	62.32829308637825	39.896215144312414	471.6261648186485	0.2472275307123229	0.3484285325861305	307	36.77958069259215	0.223434527735963
308	103119	SH	Right	46	0.4226125244299897	0.5773874755698633	25.470082818683345	60.31114945225377	49.39052141149493	431.4144099184425	0.2759252523283914	0.34438935411404165	308	34.84106663357043	0.15477495113987355
309	103119	SH	Right	48	0.34086155414767694	0.6591384458523181	21.760222432782477	57.896840948625446	15.234515601812694	544.526995005453	0.17937049000584585	0.40304620812704695	309	36.13661851584297	0.31827689170464113
310	103119	SH	Right	48	0.35944232992430813	0.6405576700756692	20.78731071601061	58.87276356992985	22.491978336296583	612.2046091431255	0.22814739828873526	0.4202753077138659	310	38.08545285391924	0.2811153401513611
311	121119B	NW	Left	28	0.36630639655269814	0.6336936034473459	25.972448409449235	66.10502654466977	40.85013357275924	692.7218795061389	0.24608426672583203	0.39814839424225695	311	40.132578135220534	0.2673872068946478
312	121119B	NW	Left	29	0.3396298742137176	0.6603701257863084	35.27829704314471	85.08566402952988	63.906917419487904	699.0439121960472	0.22660334800394855	0.3107390519568955	312	49.80736698638517	0.3207402515725908
313	121119B	NW	Left	32	0.6178938331314502	0.38210616686858306	51.159450112849385	69.90257262486669	163.68142834363314	303.90155480471657	0.25007704865805613	0.24938670754701356	313	18.743122512017308	-0.23578766626286712
314	121119B	NW	Left	33	0.3390904262192232	0.6609095737807852	28.976066784253284	70.06051138674147	50.26804196516423	646.3803775744401	0.24468455156678234	0.3628864723880161	314	41.08444460248818	0.321819147561562
315	121119B	NW	Left	34	0.30932144230798037	0.6906785576919884	39.754472819873385	82.39941523337777	99.63152297009727	520.2692715572863	0.25108015368421266	0.27681521577193735	315	42.64494241350438	0.381357115384008
316	121119B	NW	Left	35	0.6042974303216534	0.39570256967831763	49.771202225549445	70.40060154370197	189.03611513725974	366.7592055664038	0.2762448946815125	0.2720283339342208	316	20.629399318152522	-0.20859486064333577
317	121119B	NW	Left	36	0.4464592235871895	0.5535407764126866	29.0337022410791	64.35773639815288	93.82534487197015	519.8872532116449	0.33362429276583977	0.35428586378541504	317	35.32403415707378	0.10708155282549714
318	121119B	NW	Left	37	0.4656612357204904	0.5343387642795601	34.47672210877996	66.52738799581493	131.21099967539746	326.32452582676683	0.3322455354390917	0.27153410505969583	318	32.050665887034974	0.06867752855906967
319	121119B	NW	Left	38	0.3754769456664502	0.6245230543335366	45.32178226190633	85.43214333301238	151.6209190327807	447.5374886310192	0.2716893297386085	0.2476243839576473	319	40.11036107110605	0.24904610866708643
320	121119B	NW	Left	39	0.402284953100627	0.5977150468993591	33.83687498753772	71.10188024272726	82.16795758404818	469.18274626037197	0.26789277389369204	0.3046421073812234	320	37.26500525518954	0.19543009379873205
321	121119B	NW	Left	40	0.4157636021593755	0.5842363978404123	33.95164888732629	65.40374551202777	66.78811896669406	303.69261562597666	0.2407070082582026	0.26644924624562855	321	31.452096624701475	0.16847279568103674
322	121119B	NW	Left	42	0.3763613322959439	0.6236386677040414	35.956247193816594	68.75390415188225	78.42419519621984	272.55336923858084	0.24629221119146577	0.24012004338305834	322	32.79765695806566	0.24727733540809754
323	121119B	NW	Left	43	0.5144561963493871	0.4855438036507316	39.9572114043657	67.265997932461	108.59773918160617	301.18024989533745	0.2608045841158859	0.2579987816204207	323	27.308786528095304	-0.02891239269865553
324	121119B	NW	Left	45	0.5128305143926717	0.487169485607629	38.448713862054156	68.95933229950626	88.98451660340096	334.50170879914594	0.24534397982279119	0.26521990953143276	324	30.510618437452102	-0.025661028785042672
325	121119B	NW	Left	44	0.5762345757797797	0.42376542422031843	38.15373566744199	70.06180088802748	108.65199042066352	326.5404165666755	0.27320068051166657	0.25792127966909395	325	31.908065220585485	-0.15246915155946122
326	121119B	NW	Left	47	0.34876017850321744	0.6512398214968764	35.61116563309488	66.79566111203249	35.9022615984995	432.6890362664234	0.16825760940227935	0.3114151185376704	326	31.184495478937613	0.302479642993659
327	121119B	NW	Left	48	0.6249623569989688	0.3750376430008777	30.856137398528155	57.1508785311083	54.32957966780652	292.10694381792763	0.23887825220313202	0.2990529078508147	327	26.294741132580143	-0.24992471399809113
328	121119B	NW	Right	28	0.37755573120860175	0.6224442687913807	24.403160189228924	64.17912741852881	47.46381441871867	508.4422613156308	0.2823158412469691	0.35133952732200063	328	39.77596722929988	0.24488853758277895
329	121119B	NW	Right	29	0.4867862376621491	0.5132137623377958	39.10497551783204	66.84510070742428	89.55085004893824	200.45442548901227	0.2419930191969826	0.21180599214123763	329	27.74012518959224	0.026427524675646685
330	121119B	NW	Right	32	0.5449952777023669	0.4550047222976444	48.46015200423143	68.5687440881437	154.99634749480006	260.7962385244492	0.2569070131661721	0.2355181963081454	330	20.10859208391227	-0.0899905554047225
331	121119B	NW	Right	32	0.44035386418032935	0.559646135819693	30.90716052579045	69.49448959029964	83.3243498344	544.735105377675	0.29534312038703825	0.33584764905002495	331	38.58732906450919	0.11929227163936368
332	121119B	NW	Right	33	0.33840697686884297	0.6615930231311598	42.13141483892135	85.82400001712554	141.61012907541286	509.2831599496866	0.282449698611643	0.26294862614637315	332	43.69258517820419	0.3231860462623168
333	121119B	NW	Right	35	0.4074133010253966	0.5925866989747107	47.898266739811895	82.35851852104628	196.73603266394383	338.39628546782507	0.2928344427304826	0.22335941719125418	333	34.46025178123438	0.18517339794931414
334	121119B	NW	Right	36	0.35165281279561894	0.6483471872044979	36.56426410796673	77.52144040580498	92.23975330421685	505.53106241138573	0.26266501333928344	0.29003612181739813	334	40.95717629783825	0.29669437440887897
335	121119B	NW	Right	36	0.6541525303068686	0.3458474696933776	36.27331913264267	79.27506072673006	207.7419889119359	680.1158414578614	0.39735148990498415	0.32896891463357525	335	43.00174159408739	-0.308305060613491
336	121119B	NW	Right	37	0.3419371855802798	0.6580628144198442	32.17354780138065	71.04765813469183	70.01434243901831	456.2917528528769	0.26007257259187955	0.30065715411475424	336	38.87411033331118	0.31612562883956435
337	121119B	NW	Right	38	0.4259200336540774	0.5740799663460363	48.0351040827313	86.94235782818068	210.30644934361712	405.8139207035774	0.3019030909868878	0.2317032131796362	337	38.907253745449374	0.14815993269195893
338	121119B	NW	Right	39	0.3333854285477775	0.6666145714521297	34.36158446020562	71.40032197276922	71.75214692541768	522.350919513544	0.24651552116029618	0.3200965634438425	338	37.0387375125636	0.3332291429043522
339	121119B	NW	Right	41	0.3529524428413478	0.6470475571584746	31.545322535542805	69.01045227796162	58.79414446666927	421.50537153654005	0.24307039423950874	0.29749980340968435	339	37.46512974241881	0.2940951143171268
340	121119B	NW	Right	44	0.3969367522457439	0.6030632477540949	37.821955097341494	72.99834834337236	77.41027790676142	400.80383731266977	0.2326244389003102	0.27425395644041817	340	35.17639324603086	0.20612649550835105
341	121119B	NW	Right	44	0.5004212138174977	0.49957878618215795	37.987061801218445	66.59852288539349	100.06215396787313	240.32780221164697	0.26332932165165107	0.23277557630347065	341	28.611461084175048	-0.0008424276353397597
342	121119B	NW	Right	46	0.5162589568798998	0.4837410431200863	38.24545478442977	69.53387696087157	75.27640628074272	398.73509516536456	0.22685565473253116	0.2871744423370907	342	31.2884221764418	-0.032517913759813444
343	121119B	NW	Right	47	0.38841493120368953	0.6115850687963045	29.581521381779943	56.713911442217125	19.727679881701796	336.0869611300695	0.15014729066598717	0.3232482863456454	343	27.13239006043718	0.22317013759261495
344	121119B	NW	Right	48	0.41713129560797246	0.5828687043920556	35.116952246424454	65.82472421691918	44.280882790849105	372.0686643088467	0.18949219137701365	0.2930370268711377	344	30.707771970494726	0.16573740878408316
345	121119B	SW	Left	28	0.3896832636776031	0.6103167363224392	29.350442674518124	70.70240842993739	34.307239520791875	585.6218651883119	0.1995621763224944	0.3422744125454803	345	41.35196575541927	0.22063347264483613
346	121119B	SW	Left	29	0.36932083525991904	0.6306791647400694	33.780500014007366	69.25251497985266	30.897006247269648	387.21082524576786	0.16454781762968887	0.28414380725113547	346	35.4720149658453	0.2613583294801503
347	121119B	SW	Left	31	0.6518690252615045	0.34813097473855364	34.23845019280279	74.00430503405003	170.08567599074453	635.1371303072818	0.3809077177085153	0.3405467709392712	347	39.76585484124725	-0.30373805052295083
348	121119B	SW	Left	32	0.3859239793354749	0.6140760206643698	25.422707953768377	59.64230397031567	34.38280900714661	544.0371963880026	0.23064756228929142	0.3910748479527094	348	34.2195960165473	0.22815204132889494
349	121119B	SW	Left	32	0.31349427283505216	0.6865057271649333	29.340743654959407	59.87455884186877	31.584165117997312	296.1905430627686	0.1915418085197676	0.2874373944689934	349	30.53381518690936	0.37301145432988114
350	121119B	SW	Left	33	0.3289670920103506	0.6710329079895302	28.973111695842103	67.81458695628095	28.246920138069758	466.83350908132337	0.183438466162196	0.31860889037124906	350	38.84147526043884	0.34206581597917957
351	121119B	SW	Left	36	0.3245847059008879	0.6754152940989634	30.217997373703593	71.44036483934352	51.36522294432881	566.4076976090031	0.23717500019531904	0.33313549590886826	351	41.22236746563992	0.3508305881980755
352	121119B	SW	Left	36	0.34238248618848155	0.657617513811622	33.38522449982016	74.21558509944647	70.63189918927375	372.50204682036406	0.25173647174403685	0.2600573998764098	352	40.83036059962631	0.3152350276231405
353	121119B	SW	Left	37	0.32178498464900096	0.6782150153509101	30.770650538454138	71.45513869018957	74.25675169321508	477.6683778568816	0.2800472392713476	0.30586499686328555	353	40.68448815173544	0.35643003070190915
354	121119B	SW	Left	39	0.3998133350993181	0.600186664900851	34.41184611711373	77.46586492465795	121.76106010738103	415.7876644571675	0.3206610705431723	0.26322396460113767	354	43.05401880754422	0.20037332980153294
355	121119B	SW	Left	39	0.35808678602058047	0.6419132139793629	33.65711065802843	77.39736003327475	92.7829996310583	447.3912169810474	0.2861919236952742	0.2732861229819826	355	43.74024937524632	0.2838264279587824
356	121119B	SW	Left	40	0.3923859315411757	0.6076140684589567	34.60308247820749	73.90635882911069	111.39271296389758	370.91648717580074	0.3050096660195759	0.26058911009103203	356	39.3032763509032	0.21522813691778103
357	121119B	SW	Left	41	0.6063320974009238	0.39366790259886547	29.22545605041467	67.28406243669329	149.51518152412243	609.9243198710165	0.41839005155207587	0.36705045785162826	357	38.05860638627862	-0.21266419480205828
358	121119B	SW	Left	43	0.46764257636831147	0.5323574236313015	39.47972591711003	66.65322349555741	124.88056530057595	262.19796547703646	0.28305660865901305	0.24293690876954702	358	27.173497578447382	0.06471484726298998
359	121119B	SW	Left	45	0.5760072684323638	0.42399273156766754	42.568263368554554	60.89181851492514	91.77924260212785	137.8278921687289	0.22505377485538414	0.19280114684730157	359	18.323555146370587	-0.1520145368646963
360	121119B	SW	Left	45	0.6209333187528984	0.37906668124744797	31.190911970302313	64.01217697190076	106.24089243981668	458.99212069740594	0.3304591504996748	0.33468790488204897	360	32.82126500159845	-0.2418666375054504
361	121119B	SW	Left	46	0.3970634715872633	0.6029365284127014	35.14899677604292	66.972877529974	67.07493335188092	349.0227922487	0.2330060464580187	0.27895100810771345	361	31.82388075393108	0.2058730568254381
362	121119B	SW	Left	47	0.4940360778955527	0.505963922104528	33.781839363248764	67.34960607963262	91.45368510138434	376.66121915482097	0.28308529642399943	0.2881644445640929	362	33.56776671638386	0.011927844208975302
363	121119B	SW	Left	48	0.5813346082725326	0.4186653917274377	31.254482918668778	56.66887791996463	115.38198703919294	392.13968239005254	0.34368192220698457	0.3494425476369691	363	25.41439500129585	-0.16266921654509486
364	121119B	SW	Right	28	0.34734735150128526	0.6526526484987121	32.31525901938474	75.79432229301413	42.77094860631984	604.7102600771061	0.20237963109462428	0.3244419436934563	364	43.47906327362939	0.3053052969974268
365	121119B	SW	Right	29	0.3862051690244862	0.6137948309754828	40.04989003046286	72.46051521662288	98.97598952809705	288.7314036373056	0.24840686750254368	0.23450148290816314	365	32.41062518616002	0.2275896619509966
366	121119B	SW	Right	31	0.3956799304412582	0.6043200695585943	30.217078338266777	65.85153919059616	50.62732502163716	643.7715015295257	0.23547240536350852	0.3853008288460345	366	35.63446085232938	0.2086401391173361
367	121119B	SW	Right	32	0.5682101249672824	0.4317898750326182	32.962166716751646	74.0767150863384	154.0168673003973	608.1735452269778	0.3765029567663712	0.33291399093788226	367	41.11454836958675	-0.13642024993466423
368	121119B	SW	Right	33	0.3530558060557942	0.646944193944189	33.62724865663453	74.57824405986707	53.06451678978659	507.05794031738526	0.21662609532304836	0.3019372117889988	368	40.95099540323255	0.29388838788839483
369	121119B	SW	Right	33	0.33447745818352975	0.665522541816497	29.707418122870727	69.60533321514836	50.20480279856775	496.36205490216645	0.23851062142496746	0.32007869673115974	369	39.897915092277636	0.3310450836329672
370	121119B	SW	Right	35	0.41617588520172216	0.5838241147982378	35.469176566869265	75.94381297007642	92.86435887195455	346.98124829155216	0.27168985758031694	0.24527913404230162	370	40.47463640320716	0.16764822959651565
371	121119B	SW	Right	36	0.4107709086420688	0.5892290913577136	31.731527320409583	72.11720585958388	81.67706449728344	475.756034662604	0.28481252497630133	0.3024497716772781	371	40.38567853917429	0.17845818271564484
372	121119B	SW	Right	36	0.3447719509289157	0.6552280490710024	31.522563645796392	68.50666447004485	60.9726633597547	348.8963186243992	0.2477114335773289	0.27265619574737265	372	36.98410082424846	0.3104560981420867
373	121119B	SW	Right	37	0.3581623883781239	0.6418376116217352	35.170170399465704	76.62146407050032	114.38967537720853	417.1112018525363	0.30410176534768396	0.266548032095107	373	41.45129367103462	0.28367522324361133
374	121119B	SW	Right	38	0.3544633485113267	0.6455366514887555	32.09349038242032	72.18700526557261	63.16498116224116	445.59258827010717	0.24764024977245155	0.29242194004601113	374	40.09351488315229	0.2910733029774288
375	121119B	SW	Right	39	0.5647541451243078	0.43524585487551276	28.235131755948395	62.410906197965595	121.96476718392489	580.7642095368232	0.39113562787074496	0.3861352356465366	375	34.1757744420172	-0.129508290248795
376	121119B	SW	Right	41	0.36040276214216316	0.6395972378577606	34.527116640886305	68.62405276621041	96.32093033961853	337.10886980130726	0.2842497048432071	0.2675523235530183	376	34.096936125324106	0.2791944757155974
377	121119B	SW	Right	44	0.4534501136807952	0.5465498863193801	45.04010108288265	68.77193882564269	157.1196952677633	242.18548078363006	0.27830176300506276	0.22628865621865146	377	23.731837742760042	0.09309977263858488
378	121119B	SW	Right	44	0.6797746017628028	0.32022539823695056	31.65063889009629	67.23286754581171	134.96336529287902	502.92989178208876	0.3670502028477315	0.3335585595362641	378	35.582228655715426	-0.35954920352585223
379	121119B	SW	Right	45	0.40462694698974966	0.5953730530099558	35.38724484361169	64.07315325059051	88.38718144746997	321.67267619143456	0.26567328855489386	0.27991810445827686	379	28.685908406978818	0.19074610602020614
380	121119B	SW	Right	45	0.6944800020857046	0.30551999791468465	31.096963118804993	63.607966816941904	106.74514884889054	495.1094258759517	0.3322431953914595	0.3498155278742884	380	32.51100369813691	-0.38896000417101995
381	121119B	NH	Left	28	0.37142437483251967	0.628575625167388	35.03077409679302	73.80085931901432	45.94068635813535	279.1976078972161	0.19348575895696005	0.22640938646677128	381	38.770085222221304	0.2571512503348683
382	121119B	NH	Left	31	0.3869006381553065	0.6130993618447648	36.06178045091785	75.24209591125637	69.97031899553218	605.8082365981097	0.23195821707622663	0.3271197022897826	382	39.18031546033852	0.22619872368945826
383	121119B	NH	Left	32	0.39412686290180343	0.6058731370981881	40.002119652311656	80.07778387403518	91.83795599635019	354.3117344560754	0.2395676099026821	0.23506107734640694	383	40.07566422172352	0.2117462741963847
384	121119B	NH	Left	34	0.3225915951709797	0.6774084048290233	37.82493371748105	77.17443202195558	56.16972330221639	355.8050280661566	0.19814036860780584	0.2444176693806656	384	39.34949830447453	0.35481680965804363
385	121119B	NH	Left	35	0.4598264115831452	0.5401735884168621	47.88724987229308	71.79388999907643	163.08763049348875	285.94532427904994	0.26668010342460186	0.2355342206232435	385	23.906640126783344	0.08034717683371695
386	121119B	NH	Left	36	0.3654296211326277	0.6345703788672516	34.61534695963407	75.21081132183733	64.72189186950952	551.119179800814	0.23241112490547824	0.3121350142867397	386	40.59546436220326	0.2691407577346239
387	121119B	NH	Left	37	0.4372262371179641	0.562773762881778	39.04916878410253	77.24190774782431	128.48359870986502	396.21050463460307	0.29027661660210585	0.25769737889385885	387	38.19273896372179	0.12554752576381395
388	121119B	NH	Left	38	0.4372927186163364	0.5627072813838767	34.43554339336371	68.27668542477542	85.45767821706708	344.50026021968836	0.26845321171971875	0.2718456247217624	388	33.841142031411714	0.12541456276754032
389	121119B	NH	Left	40	0.3696016278381895	0.6303983721617898	32.5892930062216	71.74278707732171	82.17342803088599	385.2231252433357	0.2781574930017536	0.2735759593967884	389	39.153494071100106	0.26079674432360034
390	121119B	NH	Left	42	0.3463056406304178	0.6536943593696868	36.78044687288318	73.6663051756454	67.2807279815497	313.03500259194647	0.22301205490825274	0.2401748692953945	390	36.88585830276222	0.307388718739269
391	121119B	NH	Left	44	0.3328489195352824	0.6671510804646811	37.009992129414364	72.43428686629059	84.19196775071684	304.97696930144605	0.24792272531829776	0.24109562712173147	391	35.42429473687623	0.3343021609293987
392	121119B	NH	Left	44	0.29826760338259306	0.7017323966175582	34.8328742562179	70.58014213013949	49.63229816229424	373.9278485171085	0.2022520259199603	0.2739752783155364	392	35.747267873921594	0.4034647932349651
393	121119B	NH	Left	45	0.46203737237450443	0.5379626276256763	24.543598900627714	53.29830172128141	43.8227789312119	340.0012566623751	0.2697191063319889	0.3459607979072774	393	28.754702820653698	0.07592525525117183
394	121119B	NH	Left	46	0.6950340437917537	0.304965956207647	43.90041863282327	57.92983589979911	110.87286436210876	206.64642703934828	0.2398523467828603	0.24814849870302425	394	14.029417266975841	-0.3900680875841067
395	121119B	NH	Left	46	0.35046816768588945	0.6495318323141361	27.664729688469073	58.83697906931746	42.217578290958855	386.77822996319225	0.2348660412340948	0.3342571028286956	395	31.172249380848385	0.2990636646282467
396	121119B	NH	Left	47	0.3050247912220235	0.6949752087779069	34.957347031582984	71.0008971373607	42.12741600921938	330.90339597390346	0.1856709436999581	0.2562045131765107	396	36.04355010577771	0.3899504175558834
397	121119B	NH	Left	47	0.2982344988697489	0.7017655011303793	31.870173275375596	64.74945390003796	40.40418789393738	370.7167548580748	0.19944757778242597	0.2973616770967802	397	32.87928062466237	0.4035310022606304
398	121119B	NH	Left	48	0.3669021827637548	0.6330978172363333	30.729569425794388	64.65555893780468	59.52915014688832	401.0326878576869	0.2510778298051406	0.3097305302702642	398	33.9259895120103	0.2661956344725785
399	121119B	NH	Right	28	0.36785160136743045	0.6321483986325774	35.05190492071246	68.77773130453403	35.33280014376634	242.39845396447635	0.16958108259659022	0.22636906479743166	399	33.72582638382157	0.264296797265147
400	121119B	NH	Right	31	0.35023765193405576	0.6497623480660114	34.174824949529885	72.6991014599764	43.38356946296681	559.4944678780207	0.19273311563375406	0.32536351798151636	400	38.52427651044652	0.29952469613195565
401	121119B	NH	Right	32	0.3582604525573535	0.6417395474425482	40.86990406814316	78.40152248349867	66.33390478259274	333.441820811257	0.1992802058792164	0.2329086070693334	401	37.53161841535551	0.28347909488519474
402	121119B	NH	Right	34	0.3746627471771854	0.6253372528226365	37.85521657465464	77.29109593311097	70.84118977555359	314.4661741131919	0.2223397884404991	0.22943385544777947	402	39.435879358456326	0.25067450564545113
403	121119B	NH	Right	36	0.517205665257356	0.4827943347428849	45.81274838792621	72.86302756869702	143.7024916697146	267.9964180648224	0.26166510048080166	0.2246763096302465	403	27.050279180770808	-0.034411330514471095
404	121119B	NH	Right	36	0.3422071093104444	0.6577928906895975	36.553386371918634	77.22931530454284	64.21738080031271	392.9876707012967	0.21922934037666114	0.25668901188056303	404	40.6759289326242	0.31558578137915305
405	121119B	NH	Right	37	0.3744946298477078	0.625505370152313	37.83286410502763	79.32450100358581	97.17778745097834	423.6547690761745	0.26056392222355246	0.25947690015800323	405	41.49163689855818	0.2510107403046052
406	121119B	NH	Right	39	0.342644180092013	0.657355819907706	32.26160986292041	72.14961003647038	69.20523283535118	450.9401653430809	0.25785967565807466	0.29432386082413603	406	39.88800017354997	0.314711639815693
407	121119B	NH	Right	39	0.30268761355154955	0.6973123864484166	31.441763517260206	67.48275827878457	55.96840946951835	337.7009296452075	0.23793842672279195	0.2723160898898826	407	36.04099476152437	0.3946247728968671
408	121119B	NH	Right	40	0.4085334528530199	0.5914665471470696	32.69327370752991	73.8455372033524	91.61560405061148	437.93851203569744	0.29276982579261035	0.2833885604079099	408	41.15226349582248	0.1829330942940497
409	121119B	NH	Right	41	0.3736621393114531	0.6263378606885203	35.6985024615892	79.16832420848033	100.03503559940583	346.2404274570184	0.28017286263820657	0.23503764960982929	409	43.46982174689113	0.2526757213770672
410	121119B	NH	Right	44	0.37529350693702046	0.6247064930629161	38.84421984927719	77.12050982653996	110.35544057847407	384.0313393778946	0.27043971589016064	0.2541051350735819	410	38.27628997726277	0.24941298612589569
411	121119B	NH	Right	43	0.3404516519162606	0.659548348083653	34.32204083161124	75.8864010797901	60.768884817929326	409.92763392205796	0.22712635416425292	0.2668023441808309	411	41.564360248178865	0.31909669616739245
412	121119B	NH	Right	45	0.34597123342496267	0.6540287665751888	30.554081280872314	66.14921121262053	65.82932310255327	426.954248885512	0.265546428747463	0.31236761384645667	412	35.59512993174822	0.30805753315022616
413	121119B	NH	Right	45	0.49016322529878226	0.5098367747011391	43.999632755002175	68.31339686847117	130.8446797411787	217.65966256918543	0.25997344106324777	0.21596486128728645	413	24.313764113469	0.019673549402356827
414	121119B	NH	Right	47	0.4252634775415056	0.5747365224585914	36.445796096907024	64.03364136288728	120.25268467460153	264.6853831521394	0.3008845925745394	0.254071984667542	414	27.587845265980256	0.1494730449170858
415	121119B	NH	Right	48	0.3295859346404252	0.6704140653595921	28.85779871581421	65.80244671644392	44.9529884652057	333.44411670588124	0.23233577342345182	0.2775041532689644	415	36.94464800062971	0.34082813071916696
416	121119B	NH	Right	48	0.4186464751437464	0.5813535248562577	28.421378729255743	61.57976078599581	60.73892791202303	470.7201980491729	0.2742132393069564	0.3523249665629666	416	33.158382056740066	0.16270704971251126
417	121119B	SH	Left	28	0.35625802136319834	0.6437419786367555	35.93654765691792	76.61429994391558	106.88293412682003	398.3766926213121	0.28768540568645196	0.2605176327725636	417	40.677752286997666	0.2874839572735572
418	121119B	SH	Left	29	0.3416685503735036	0.6583314496266218	34.25044862540024	70.5877189634337	58.58237088671737	333.4641317973018	0.22346895987411075	0.2586993964927237	418	36.33727033803346	0.31666289925311825
419	121119B	SH	Left	30	0.3016337309388857	0.698366269061008	34.964441411296185	74.79740237582142	52.63927228805261	425.97921489045166	0.20750489399486097	0.2759355707271987	419	39.832960964525235	0.3967325381221223
420	121119B	SH	Left	32	0.3700881272186176	0.6299118727812943	31.156187508996336	72.15721563029601	60.65415700624474	439.9382665900548	0.24996889860104288	0.2906806369418201	420	41.00102812129967	0.25982374556267673
421	121119B	SH	Left	34	0.3105484691340155	0.6894515308659573	35.77130919363977	75.59126342606741	78.77798329109075	410.7532418224641	0.24812332605432988	0.26811363190348675	421	39.81995423242764	0.3789030617319418
422	121119B	SH	Left	36	0.3284756097977553	0.6715243902023205	36.904757167739874	78.53407023781712	109.61681817508476	360.8655652934003	0.2836979802100122	0.2418881621392575	422	41.629313070077245	0.34304878040456516
423	121119B	SH	Left	36	0.28054193020089585	0.7194580697990068	35.33951086888371	76.8185943924491	59.59550360440342	429.06733048828306	0.21844706441960612	0.2696474811934066	423	41.47908352356539	0.438916139598111
424	121119B	SH	Left	37	0.29821065172190653	0.7017893482781328	38.421374097740234	80.33105350716383	98.76851390146582	448.67634309052676	0.25866422485867163	0.26368360231670307	424	41.909679409423596	0.40357869655622625
425	121119B	SH	Left	38	0.3384846236369122	0.6615153763630912	34.34660572270721	73.29947170212426	67.67139698586831	396.5491129980067	0.2395072952536195	0.2716737308377014	425	38.952865979417055	0.32303075272617904
426	121119B	SH	Left	39	0.3812556418742161	0.6187443581258778	36.58883976761749	80.15524676979825	120.65151615876606	377.59426719967297	0.30020488415747304	0.24242686230945026	426	43.56640700218076	0.23748871625166168
427	121119B	SH	Left	40	0.326918790963398	0.6730812090366391	34.37523243955848	79.55319069782337	58.38419298234293	534.2798958409267	0.22228082360931337	0.29055396973102443	427	45.17795825826489	0.34616241807324116
428	121119B	SH	Left	41	0.3469589976792285	0.6530410023206717	31.187754212002954	75.53567681398592	83.64287033337239	407.5450703130091	0.2932448279147787	0.26726106655228876	428	44.34792260198296	0.30608200464144325
429	121119B	SH	Left	42	0.3436122235848609	0.6563877764152407	32.63230897439439	74.84803018865038	80.53001001589567	382.51556143350365	0.2749989731486821	0.2613028692684264	429	42.21572121425599	0.31277555283037983
430	121119B	SH	Right	28	0.3609095828599879	0.6390904171401386	33.26268873234379	80.86025073122603	67.67927119177831	502.2413733122665	0.247326405021705	0.2771540053547554	430	47.59756199888224	0.27818083428015067
431	121119B	SH	Right	29	0.3565489866656415	0.6434510133344258	30.68100230346021	74.89785830414422	62.88194606359488	318.8960699144453	0.2584600616583927	0.2384268627032236	431	44.21685600068401	0.2869020266687843
432	121119B	SH	Right	30	0.3704791823290528	0.6295208176709368	32.66502186529017	73.98679866140982	45.66554824258296	368.21775041553553	0.2068766070297443	0.2593570895570768	432	41.32177679611965	0.259041635341884
433	121119B	SH	Right	32	0.33945511378584603	0.6605448862141213	27.218957178088743	66.55672463189408	35.6035328111126	476.2538050927066	0.2192174211498942	0.32788933264816206	433	39.33776745380534	0.3210897724282753
434	121119B	SH	Right	34	0.41401415902773775	0.5859858409722866	35.514936349900566	72.00576390005169	198.3617307152569	398.518298334986	0.3965682161648971	0.2772406264400549	434	36.490827550151124	0.17197168194454882
435	121119B	SH	Right	36	0.32266432209297136	0.6773356779067845	34.03143015814008	73.69423545465325	65.30275153353442	424.3197927181194	0.2374573078892758	0.2795201543906097	435	39.66280529651317	0.35467135581381315
436	121119B	SH	Right	36	0.32450934123782416	0.6754906587622164	33.334768133525785	70.87275982070928	65.52384844725319	351.65803978437674	0.24282995530670032	0.2645945720465121	436	37.53799168718349	0.3509813175243922
437	121119B	SH	Right	37	0.3378572560382867	0.6621427439617156	35.21015032344238	73.38335076368601	85.02897584455529	357.3885120041948	0.26188799748066144	0.25761595448004326	437	38.17320044024363	0.3242854879234289
438	121119B	SH	Right	38	0.4261161590692049	0.5738838409307628	30.814084763721265	69.73074041137437	70.40037251426827	499.3050738708684	0.2722940839658332	0.3204488468004441	438	38.9166556476531	0.14776768186155792
439	121119B	SH	Right	39	0.46572610617068516	0.5342738938290634	35.772689788133	76.1263722246252	106.46743201590397	452.9835305147319	0.28844086750951997	0.2795799816325904	439	40.3536824364922	0.06854778765837827
440	121119B	SH	Right	40	0.3353208237859751	0.6646791762142911	31.169665082955827	72.17825628581105	83.52548618775103	456.32255708665093	0.29320904965380723	0.2959576585518757	440	41.008591202855214	0.32935835242831596
441	121119B	SH	Right	41	0.3450561675896776	0.6549438324103064	32.184212052495766	73.14376495205691	70.69307357992298	407.32779152237055	0.2612435346102753	0.2759273246495722	441	40.959552899561146	0.3098876648206288
442	121119B	SH	Right	42	0.3514946674849537	0.6485053325149615	34.13562504161556	79.86649244609163	64.14284939451674	539.8106779427621	0.234620666855354	0.2909083076828281	442	45.730867404476065	0.2970106650300077
443	121119B	SH	Right	43	0.5373452122244745	0.4626547877753581	47.8709722885582	73.46425201677899	175.67149457086504	233.00173768233438	0.2768715931777862	0.20777989325418664	443	25.593279728220786	-0.07469042444911639
444	121119B	SH	Right	45	0.3200060559152698	0.6799939440847312	37.095653886886986	69.0672954719314	60.90703532010451	336.87970452457614	0.21038302698949152	0.2657449213376494	444	31.971641585044416	0.3599878881694614
445	121119B	SH	Right	46	0.31841071862628945	0.6815892813736365	38.03716103501158	69.50234081478624	65.87073046046993	294.04239740477755	0.21337235203902652	0.24672067569693812	445	31.465179779774658	0.36317856274734706
446	121119B	SH	Right	47	0.38276006494382947	0.617239935056168	35.55850292296756	69.18448965420444	65.62236653237846	358.66781440237435	0.22781508399771164	0.2737394948600067	446	33.62598673123688	0.23447987011233856
447	121119B	SH	Right	47	0.4435087899275743	0.556491210072547	36.47840333817579	65.50417569026224	109.36018809031117	232.24893097620924	0.2866776285689735	0.2326525816097013	447	29.025772352086456	0.11298242014497267
448	121119B	SH	Right	48	0.3977585487602818	0.6022414512396863	40.87273422152129	69.5875650983026	125.4783011367111	228.34734250316592	0.2740631365879033	0.2171532533382912	448	28.714830876781313	0.20448290247940448
